accepted_arrivals,arrival_attempts,completed_jobs,loss_probability,mean_num_jobs,mean_occupied_resource,observed_time,pi_hat_0,pi_hat_1,pi_hat_10,pi_hat_11,pi_hat_12,pi_hat_13,pi_hat_14,pi_hat_15,pi_hat_16,pi_hat_17,pi_hat_18,pi_hat_19,pi_hat_2,pi_hat_20,pi_hat_3,pi_hat_4,pi_hat_5,pi_hat_6,pi_hat_7,pi_hat_8,pi_hat_9,rejected_arrivals,rejected_capacity,rejected_resource,rejected_server,replication_index,scenario_description,scenario_key,scenario_name,seed,suite_name,throughput,total_time,warmup_time
242331,256464,242329,0.05510714954145611,2.6491259739706297,15.229569313950389,80000.0,0.07759694176179582,0.1879044819570947,0.00014502254373842334,0.000028600420205521004,5.12273863705559e-6,0.0,0.0,0.0,0.0,0.0,0.0,0.0,0.23687192048131342,0.0,0.2138008074915811,0.14894957557870153,0.08169565319176222,0.0361981095379841,0.01244840012312502,0.003553378277071033,0.0008019858969900725,14133,0,14133,0,0,"Scenario(name='base_deterministic', K=20, N=12, R=40, resource='ResourceCustom', work='Deterministic', replications=20)",deterministic,base_deterministic,42,service_dist_sensitivity,3.0291125,100000.0,20000.0
242142,256381,242141,0.055538436935654356,2.6455891958231956,15.219603606011153,80000.0,0.07692325982598609,0.1878200711070697,0.00015042945382174366,0.00002943042803103708,3.94229100247685e-6,0.0,0.0,0.0,0.0,0.0,0.0,0.0,0.23850619201925438,0.0,0.21439087520227512,0.14899701847804567,0.08123982753372253,0.03531763878247489,0.012213360694906805,0.0035493784584751664,0.000858575724934417,14239,0,14238,1,1,"Scenario(name='base_deterministic', K=20, N=12, R=40, resource='ResourceCustom', work='Deterministic', replications=20)",deterministic,base_deterministic,1000045,service_dist_sensitivity,3.0267625,100000.0,20000.0
242172,256354,242170,0.055321937633116706,2.646598978388777,15.226169912023467,80000.0,0.07752633173394756,0.18679564491106962,0.00015708335901717872,0.0000343202700866641,6.82025600453926e-6,0.0,0.0,0.0,0.0,0.0,0.0,0.0,0.23878647413459303,0.0,0.21471841943894657,0.14856817012723142,0.08117146223558107,0.03513245818250762,0.01259809026968187,0.003608971143143799,0.0008957539381890911,14182,0,14180,2,2,"Scenario(name='base_deterministic', K=20, N=12, R=40, resource='ResourceCustom', work='Deterministic', replications=20)",deterministic,base_deterministic,2000048,service_dist_sensitivity,3.027125,100000.0,20000.0
242071,256413,242069,0.05593320151474379,2.6457964241725818,15.230936217790912,80000.0,0.07777976544033863,0.1877978070712103,0.00019714485542149306,0.00002847144587881303,9.719466227579688e-7,0.0,0.0,0.0,0.0,0.0,0.0,0.0,0.23884388078661858,0.0,0.2119340340289532,0.14913544214957428,0.08176141170976949,0.035839922790362244,0.012395174998966694,0.0035158882457160417,0.0007700845305674647,14342,0,14342,0,3,"Scenario(name='base_deterministic', K=20, N=12, R=40, resource='ResourceCustom', work='Deterministic', replications=20)",deterministic,base_deterministic,3000051,service_dist_sensitivity,3.0258625,100000.0,20000.0
241676,256085,241678,0.056266474022297286,2.6399715470908443,15.205833926669142,80000.0,0.07761650342197458,0.1884749556479322,0.00016984128703861643,0.00003793446988102005,9.420167792632129e-6,0.0,0.0,0.0,0.0,0.0,0.0,0.0,0.23854766857688073,0.0,0.21437637183492134,0.14810432416867333,0.08090636784585095,0.03531646870313229,0.012133890087435248,0.003498058099374657,0.0008081956891123809,14409,0,14408,1,4,"Scenario(name='base_deterministic', K=20, N=12, R=40, resource='ResourceCustom', work='Deterministic', replications=20)",deterministic,base_deterministic,4000054,service_dist_sensitivity,3.020975,100000.0,20000.0
241702,255838,241703,0.055253715241676375,2.641177617810007,15.193016061485244,80000.0,0.07780014871456356,0.18866500898033658,0.00016852581963662486,0.000028164783433021513,7.607301515236031e-6,0.0,0.0,0.0,0.0,0.0,0.0,0.0,0.23914572961367744,0.0,0.21273810837453047,0.14751044966927387,0.0818006522674214,0.035325481132951156,0.012437496682855681,0.0034935974837316734,0.0008790291760732543,14136,0,14130,6,5,"Scenario(name='base_deterministic', K=20, N=12, R=40, resource='ResourceCustom', work='Deterministic', replications=20)",deterministic,base_deterministic,5000057,service_dist_sensitivity,3.0212875,100000.0,20000.0
242323,256491,242323,0.055237805615011834,2.648833539797377,15.208046806603303,80000.0,0.07755514855995789,0.18756899852775755,0.00016051127179607646,0.000032070719637067665,3.78689910767207e-6,0.0,0.0,0.0,0.0,0.0,0.0,0.0,0.2378003353531312,0.0,0.21278003971824064,0.14946887860285907,0.0822347502784467,0.03573643442477646,0.01233099433689099,0.003416876491779158,0.0009111748156195518,14168,0,14168,0,6,"Scenario(name='base_deterministic', K=20, N=12, R=40, resource='ResourceCustom', work='Deterministic', replications=20)",deterministic,base_deterministic,6000060,service_dist_sensitivity,3.0290375,100000.0,20000.0
241977,256001,241978,0.05478103601157808,2.6444323043554694,15.200177025374135,80000.0,0.07749545098315357,0.18835978701086398,0.00016074670365360361,0.000021763386671000264,2.2182290495038614e-7,0.0,0.0,0.0,0.0,0.0,0.0,0.0,0.23871305886376384,0.0,0.21277582493861172,0.1484402611703799,0.0813972909202162,0.03576443321055967,0.012635676985496003,0.0034337948414944093,0.0008016891622311505,14024,0,14024,0,7,"Scenario(name='base_deterministic', K=20, N=12, R=40, resource='ResourceCustom', work='Deterministic', replications=20)",deterministic,base_deterministic,7000063,service_dist_sensitivity,3.024725,100000.0,20000.0
242462,256919,242462,0.056270653396595816,2.6518415011319765,15.273989211508308,80000.0,0.07762097952251738,0.18781192206891698,0.00025638492308962667,0.00005007450749048985,7.786110863708018e-6,0.0,0.0,0.0,0.0,0.0,0.0,0.0,0.23768267673149343,0.0,0.2117633334541729,0.14916515737135105,0.08262673618416838,0.03602268726435586,0.01259456401194857,0.00350553962880781,0.0008921582208238306,14457,0,14452,5,8,"Scenario(name='base_deterministic', K=20, N=12, R=40, resource='ResourceCustom', work='Deterministic', replications=20)",deterministic,base_deterministic,8000066,service_dist_sensitivity,3.030775,100000.0,20000.0
241613,255689,241615,0.05505125367145243,2.6393934970435327,15.221719077357285,80000.0,0.07799309699833844,0.1880568201539696,0.00014472476617070242,0.000025818248836003478,3.7759871857815598e-6,0.0,0.0,0.0,0.0,0.0,0.0,0.0,0.2395168764644221,0.0,0.2128343827616108,0.14861417462938983,0.08119324541970686,0.035011761663746574,0.01212737395871336,0.0036634384100022997,0.000814510537907654,14076,0,14075,1,9,"Scenario(name='base_deterministic', K=20, N=12, R=40, resource='ResourceCustom', work='Deterministic', replications=20)",deterministic,base_deterministic,9000069,service_dist_sensitivity,3.0201875,100000.0,20000.0
242163,256301,242163,0.0551617044022458,2.6460451023409326,15.2367136559642,80000.0,0.07750453722256848,0.1876752268146089,0.00012654917241166003,5.694435206532944e-6,0.0,0.0,0.0,0.0,0.0,0.0,0.0,0.0,0.23776699568931098,0.0,0.21413967316148988,0.14847225768185554,0.08227146221078432,0.035422794149488936,0.012363091712407822,0.0035014742620910057,0.0007502434877759242,14138,0,14138,0,10,"Scenario(name='base_deterministic', K=20, N=12, R=40, resource='ResourceCustom', work='Deterministic', replications=20)",deterministic,base_deterministic,10000072,service_dist_sensitivity,3.0270375,100000.0,20000.0
241831,255973,241832,0.055248014439022865,2.6433543399682473,15.205221868884195,80000.0,0.07809225562637793,0.18823756262851302,0.0002029072694507704,0.00003276993193867383,0.000012741457717265803,0.0,0.0,0.0,0.0,0.0,0.0,0.0,0.2385335077713165,0.0,0.21259633047450874,0.148577684079455,0.08126478308701872,0.03560459817908322,0.012289719210822569,0.0035682069222139944,0.0009869333615835786,14142,0,14139,3,11,"Scenario(name='base_deterministic', K=20, N=12, R=40, resource='ResourceCustom', work='Deterministic', replications=20)",deterministic,base_deterministic,11000075,service_dist_sensitivity,3.0229,100000.0,20000.0
242216,256361,242214,0.05517609932868104,2.648538593408342,15.215405922609152,80000.0,0.07808348216823228,0.18726218341018938,0.00018320771334028906,0.00003245982110847763,4.776858664627071e-7,0.0,0.0,0.0,0.0,0.0,0.0,0.0,0.23779017892273047,0.0,0.21402656092354286,0.14770378736777612,0.08180140299085296,0.03578310252372703,0.01267155197248244,0.0037545818904002773,0.0009070226097509476,14145,0,14144,1,12,"Scenario(name='base_deterministic', K=20, N=12, R=40, resource='ResourceCustom', work='Deterministic', replications=20)",deterministic,base_deterministic,12000078,service_dist_sensitivity,3.027675,100000.0,20000.0
241729,255937,241731,0.0555136615651508,2.6419598340697523,15.193393750190657,80000.0,0.07880470463730617,0.18745375564085912,0.00018092730200391997,0.000017352375644031783,4.266041863411374e-6,0.0,0.0,0.0,0.0,0.0,0.0,0.0,0.23810133417596008,0.0,0.21380170400904616,0.14829853438694937,0.08072858270739666,0.03568110056405649,0.012396145215388697,0.0036340510732231907,0.0008975418703027117,14208,0,14206,2,13,"Scenario(name='base_deterministic', K=20, N=12, R=40, resource='ResourceCustom', work='Deterministic', replications=20)",deterministic,base_deterministic,13000081,service_dist_sensitivity,3.0216375,100000.0,20000.0
241499,255460,241504,0.05465043451029515,2.6376845638292408,15.210018342076106,80000.0,0.07754968330754378,0.18896533640536792,0.00013332756330673874,0.00003656550476107441,0.000011403940873060491,0.0,0.0,0.0,0.0,0.0,0.0,0.0,0.23929214253240735,0.0,0.2133277145907001,0.1484339123891499,0.08084562398434987,0.03467424145417167,0.01236119583329446,0.0035778063720647425,0.0007910461220093566,13961,0,13959,2,14,"Scenario(name='base_deterministic', K=20, N=12, R=40, resource='ResourceCustom', work='Deterministic', replications=20)",deterministic,base_deterministic,14000084,service_dist_sensitivity,3.0188,100000.0,20000.0
241810,255752,241810,0.054513747693077666,2.6429837829865965,15.16212061860947,80000.0,0.07819215815441667,0.18824398935442888,0.00020576873407708262,0.00004175755663259224,1.4136431491351687e-6,0.0,0.0,0.0,0.0,0.0,0.0,0.0,0.2382252167485589,0.0,0.213124630036142,0.14821465423958266,0.08107619706845516,0.035883438147643165,0.012344409414181565,0.003586913365221017,0.0008594535375112173,13942,0,13942,0,15,"Scenario(name='base_deterministic', K=20, N=12, R=40, resource='ResourceCustom', work='Deterministic', replications=20)",deterministic,base_deterministic,15000087,service_dist_sensitivity,3.022625,100000.0,20000.0
241829,256414,241828,0.056880669542224684,2.6429397154385867,15.256633138729695,80000.0,0.07881461894749664,0.18787961316955162,0.00019418561785746534,0.000033399952904528616,8.793151837016922e-6,0.0,0.0,0.0,0.0,0.0,0.0,0.0,0.23649870012729043,0.0,0.21367489374661494,0.1495720597206512,0.0815779939931133,0.035060825000164275,0.012283661174843655,0.003516838360096608,0.0008844170375783051,14585,0,14581,4,16,"Scenario(name='base_deterministic', K=20, N=12, R=40, resource='ResourceCustom', work='Deterministic', replications=20)",deterministic,base_deterministic,16000090,service_dist_sensitivity,3.02285,100000.0,20000.0
241626,255793,241627,0.055384627413572696,2.640774021451613,15.181180925574061,80000.0,0.07833572376108254,0.1889727893198787,0.00018948114121531036,0.000026768053023897666,5.50579179507622e-6,0.0,0.0,0.0,0.0,0.0,0.0,0.0,0.2380568474414995,0.0,0.21259526987159824,0.14809713005198696,0.08138587911163744,0.03521345625732879,0.01272329072540283,0.0035960165129003143,0.0008018419606503813,14167,0,14164,3,17,"Scenario(name='base_deterministic', K=20, N=12, R=40, resource='ResourceCustom', work='Deterministic', replications=20)",deterministic,base_deterministic,17000093,service_dist_sensitivity,3.0203375,100000.0,20000.0
241145,255389,241144,0.05577374123396074,2.6333867647632045,15.169299540036766,80000.0,0.07838098804784545,0.18927992591845436,0.00014787959976351886,0.000027945443401313242,5.003319582465338e-6,0.0,0.0,0.0,0.0,0.0,0.0,0.0,0.23856091756728512,0.0,0.21433179520299186,0.14721283447003866,0.08059636411343121,0.03490827352417441,0.01231956479158025,0.0034329427553162076,0.0007955652461351747,14244,0,14244,0,18,"Scenario(name='base_deterministic', K=20, N=12, R=40, resource='ResourceCustom', work='Deterministic', replications=20)",deterministic,base_deterministic,18000096,service_dist_sensitivity,3.0143,100000.0,20000.0
242035,256326,242034,0.05575322050825902,2.644126413420804,15.20361410592302,80000.0,0.07768924954903296,0.18795771435273528,0.00013238829805768546,0.00002978692656761268,5.072152222419391e-6,0.0,0.0,0.0,0.0,0.0,0.0,0.0,0.2373347729391947,0.0,0.21369575491788415,0.1497444628801002,0.0819027552885365,0.03520178992468313,0.01224531206709844,0.003268534879316303,0.000792405824570642,14291,0,14289,2,19,"Scenario(name='base_deterministic', K=20, N=12, R=40, resource='ResourceCustom', work='Deterministic', replications=20)",deterministic,base_deterministic,19000099,service_dist_sensitivity,3.025425,100000.0,20000.0
241056,255401,241057,0.056166577264771866,2.634810355560788,15.201754336573329,80000.0,0.07833700935363368,0.18860478911853273,0.00016846943269497387,0.00002044107869483014,0.0,0.0,0.0,0.0,0.0,0.0,0.0,0.0,0.238683806852052,0.0,0.21386948835728203,0.1480328117208428,0.08120492548736051,0.0351306476696373,0.011965938926330863,0.0032164393750454567,0.000765232627892783,14345,0,14345,0,0,"Scenario(name='base_erlang_2', K=20, N=12, R=40, resource='ResourceCustom', work='Erlang(2)', replications=20)",erlang_2,base_erlang_2,42,service_dist_sensitivity,3.0132125,100000.0,20000.0
241536,255597,241537,0.05501238277444571,2.635295617703349,15.197332794937486,80000.0,0.0783550183474807,0.18888678738877734,0.00012307678702004523,0.00003271585853749457,7.48250217666282e-6,0.0,0.0,0.0,0.0,0.0,0.0,0.0,0.2399914579404547,0.0,0.21232498660323226,0.14727917817039182,0.08083205002724904,0.03566204618933107,0.012294336584248368,0.003436846169708588,0.0007740174313918942,14061,0,14060,1,1,"Scenario(name='base_erlang_2', K=20, N=12, R=40, resource='ResourceCustom', work='Erlang(2)', replications=20)",erlang_2,base_erlang_2,1000045,service_dist_sensitivity,3.0192125,100000.0,20000.0
241728,255862,241728,0.05524071569830612,2.638503170168012,15.202115523817673,80000.0,0.07811158645495753,0.18818552486083368,0.00020053452434740392,0.00002600006729580855,0.00001313190192795446,0.0,0.0,0.0,0.0,0.0,0.0,0.0,0.23843782265867017,0.0,0.214804062178024,0.14800171004749763,0.08068908474169202,0.0349953202943374,0.01204308206996102,0.0035741373093977928,0.0009180028910575857,14134,0,14131,3,2,"Scenario(name='base_erlang_2', K=20, N=12, R=40, resource='ResourceCustom', work='Erlang(2)', replications=20)",erlang_2,base_erlang_2,2000048,service_dist_sensitivity,3.0216,100000.0,20000.0
242481,256569,242482,0.05490920571074448,2.640916962793679,15.200793757961469,80000.0,0.07830813523170013,0.18769884735516137,0.00014531527916196863,0.00001905904195000403,0.0,0.0,0.0,0.0,0.0,0.0,0.0,0.0,0.23756509899930026,0.0,0.21449470766176174,0.1488093355979543,0.08099685777289073,0.03569352261816812,0.012317609081073624,0.0032286405791317977,0.0007228707817459508,14088,0,14088,0,3,"Scenario(name='base_erlang_2', K=20, N=12, R=40, resource='ResourceCustom', work='Erlang(2)', replications=20)",erlang_2,base_erlang_2,3000051,service_dist_sensitivity,3.031025,100000.0,20000.0
241661,255752,241660,0.05509634333260346,2.639805566374241,15.193545291736664,80000.0,0.0791100608949072,0.18780294875796621,0.00020329571122770177,0.00004466136230266784,0.000011629584458933095,0.0,0.0,0.0,0.0,0.0,0.0,0.0,0.23767319999679945,0.0,0.21376639076369391,0.14784499769562434,0.08141160157823142,0.035717590124200796,0.012195439515649286,0.0033820139423657567,0.000836170072572304,14091,0,14089,2,4,"Scenario(name='base_erlang_2', K=20, N=12, R=40, resource='ResourceCustom', work='Erlang(2)', replications=20)",erlang_2,base_erlang_2,4000054,service_dist_sensitivity,3.02075,100000.0,20000.0
242543,256675,242541,0.05505795266387455,2.650006741381686,15.227105666226356,80000.0,0.07774533827465967,0.1872347410621163,0.00014474468535217967,0.000039866600117056804,8.418842760875122e-7,0.0,0.0,0.0,0.0,0.0,0.0,0.0,0.23711573440392414,0.0,0.21360706661846598,0.14914428601074087,0.08219733970354137,0.03606199340644607,0.012539150070410733,0.003406679421566605,0.0007622178583829737,14132,0,14132,0,5,"Scenario(name='base_erlang_2', K=20, N=12, R=40, resource='ResourceCustom', work='Erlang(2)', replications=20)",erlang_2,base_erlang_2,5000057,service_dist_sensitivity,3.0317625,100000.0,20000.0
242643,256897,242642,0.05548527230757852,2.653955229602552,15.25078284247949,80000.0,0.07643550300692287,0.1862826667647116,0.00020210977093652218,0.00003612421073257792,3.5947482425399356e-6,0.0,0.0,0.0,0.0,0.0,0.0,0.0,0.2379105523997111,0.0,0.21570988107907024,0.14926251466758061,0.08159848231291171,0.035852553224535316,0.012390950470441203,0.0034698351781412384,0.000845232166062442,14254,0,14254,0,6,"Scenario(name='base_erlang_2', K=20, N=12, R=40, resource='ResourceCustom', work='Erlang(2)', replications=20)",erlang_2,base_erlang_2,6000060,service_dist_sensitivity,3.033025,100000.0,20000.0
241994,256070,241996,0.05496934431991252,2.6421884354760485,15.187010073480174,80000.0,0.07731658693131353,0.18862813808488163,0.00017870018781959517,0.000014375273025143542,0.0,0.0,0.0,0.0,0.0,0.0,0.0,0.0,0.23913731314576317,0.0,0.21307230890095646,0.1484077541135078,0.0809038642986075,0.035753942398236815,0.012143894802413797,0.0035457382093589786,0.0008973836541155834,14076,0,14076,0,7,"Scenario(name='base_erlang_2', K=20, N=12, R=40, resource='ResourceCustom', work='Erlang(2)', replications=20)",erlang_2,base_erlang_2,7000063,service_dist_sensitivity,3.02495,100000.0,20000.0
242537,256964,242535,0.05614405130679784,2.6550389259342735,15.284035048555166,80000.0,0.07766807589354685,0.1862080387415469,0.00015422891573161905,0.000021868491103805356,2.6793638316121358e-6,0.0,0.0,0.0,0.0,0.0,0.0,0.0,0.23733835332095676,0.0,0.2128327635445753,0.15005335767608508,0.08276586192113146,0.03595084979328899,0.012767135490262763,0.0034079741413708233,0.0008288127065680328,14427,0,14427,0,8,"Scenario(name='base_erlang_2', K=20, N=12, R=40, resource='ResourceCustom', work='Erlang(2)', replications=20)",erlang_2,base_erlang_2,8000066,service_dist_sensitivity,3.0316875,100000.0,20000.0
241966,256070,241966,0.055078689420861485,2.6495493700033674,15.238512459794915,80000.0,0.07738140710492207,0.1864017930637911,0.000220626173876326,0.000053101369304840776,7.500338187037414e-6,0.0,0.0,0.0,0.0,0.0,0.0,0.0,0.2400373911205389,0.0,0.21313130599954816,0.1483582440777768,0.08142454945210366,0.03584518390354647,0.012795264553317611,0.003487878613417479,0.0008557542296695374,14104,0,14103,1,9,"Scenario(name='base_erlang_2', K=20, N=12, R=40, resource='ResourceCustom', work='Erlang(2)', replications=20)",erlang_2,base_erlang_2,9000069,service_dist_sensitivity,3.024575,100000.0,20000.0
241321,255720,241321,0.05630768027530111,2.638659385374395,15.215951447869802,80000.0,0.07832823321294727,0.18713329198801013,0.00016062252473634543,0.00004440167400030077,4.524475713878928e-6,0.0,0.0,0.0,0.0,0.0,0.0,0.0,0.23857908116109797,0.0,0.21453506008105275,0.14921244584084944,0.08136253065031897,0.034547325645642876,0.01183445791171057,0.0034960059250023733,0.0007620189089171617,14399,0,14399,0,10,"Scenario(name='base_erlang_2', K=20, N=12, R=40, resource='ResourceCustom', work='Erlang(2)', replications=20)",erlang_2,base_erlang_2,10000072,service_dist_sensitivity,3.0165125,100000.0,20000.0
241879,256099,241880,0.055525402285834774,2.6416150744749243,15.226304120303976,80000.0,0.07933186124382205,0.1874653976447381,0.0001382530339756613,0.000017467379079926104,0.0,0.0,0.0,0.0,0.0,0.0,0.0,0.0,0.2373626071467123,0.0,0.21313761707555687,0.14831302601901283,0.08184377514666302,0.03577503859358362,0.012395005211918397,0.0034288715982768734,0.0007910799066603431,14220,0,14220,0,11,"Scenario(name='base_erlang_2', K=20, N=12, R=40, resource='ResourceCustom', work='Erlang(2)', replications=20)",erlang_2,base_erlang_2,11000075,service_dist_sensitivity,3.0235,100000.0,20000.0
242666,256740,242669,0.054818103918360984,2.6477137865000713,15.224289838031243,80000.0,0.07666148127799288,0.1881042646425735,0.0002408444290837906,0.00004110451422402548,6.6973126408811365e-6,0.0,0.0,0.0,0.0,0.0,0.0,0.0,0.23826394541047752,0.0,0.21421355462866026,0.14936604257837727,0.08090824826089142,0.0351927036846374,0.012585452051121002,0.0035007435159484885,0.0009149176933715808,14074,0,14074,0,12,"Scenario(name='base_erlang_2', K=20, N=12, R=40, resource='ResourceCustom', work='Erlang(2)', replications=20)",erlang_2,base_erlang_2,12000078,service_dist_sensitivity,3.0333625,100000.0,20000.0
241372,255407,241374,0.05495150876835796,2.642149889675141,15.208219667309509,80000.0,0.07849848674895016,0.18774127252717981,0.00013751285794746763,0.000018635338026433603,2.132564621933852e-6,0.0,0.0,0.0,0.0,0.0,0.0,0.0,0.23874609407210265,0.0,0.2127571084179007,0.14860299296352356,0.08084550897344038,0.03551733779709857,0.012625789145018006,0.0036488291899011076,0.0008582994042892552,14035,0,14035,0,13,"Scenario(name='base_erlang_2', K=20, N=12, R=40, resource='ResourceCustom', work='Erlang(2)', replications=20)",erlang_2,base_erlang_2,13000081,service_dist_sensitivity,3.017175,100000.0,20000.0
241620,255860,241618,0.05565543656687251,2.6367087079274296,15.171976521145215,80000.0,0.07865720683066046,0.18827050694968014,0.00017074762186521184,0.000032597969542621284,8.720381681450817e-6,0.0,0.0,0.0,0.0,0.0,0.0,0.0,0.239386610257316,0.0,0.21253473194288863,0.1484208094165954,0.08056106571981145,0.03549408374737568,0.012101746906941798,0.0035257612284029165,0.0008354110272382058,14240,0,14237,3,14,"Scenario(name='base_erlang_2', K=20, N=12, R=40, resource='ResourceCustom', work='Erlang(2)', replications=20)",erlang_2,base_erlang_2,14000084,service_dist_sensitivity,3.020225,100000.0,20000.0
241736,255951,241733,0.055537974065348446,2.641754446672214,15.231449601843726,80000.0,0.07785880531671896,0.18796849079168101,0.0001860733136265935,0.00001813345707182634,0.0,0.0,0.0,0.0,0.0,0.0,0.0,0.0,0.23847417598203793,0.0,0.21352658380572076,0.14842813749263195,0.08177962503626736,0.03554537813918255,0.012130655953112955,0.003355350731044882,0.0007285899809032344,14215,0,14215,0,15,"Scenario(name='base_erlang_2', K=20, N=12, R=40, resource='ResourceCustom', work='Erlang(2)', replications=20)",erlang_2,base_erlang_2,15000087,service_dist_sensitivity,3.0216625,100000.0,20000.0
241273,255136,241272,0.05433572682804465,2.6392552985098376,15.199502051832777,80000.0,0.0787179085127168,0.18834729226159366,0.0001547773113596577,0.000019059662633617337,0.0,0.0,0.0,0.0,0.0,0.0,0.0,0.0,0.23824447724176598,0.0,0.2125046451520906,0.14858347014996656,0.08150391119627634,0.03528030777034823,0.012386258706030003,0.0034124355566399573,0.0008454564785785806,13863,0,13863,0,16,"Scenario(name='base_erlang_2', K=20, N=12, R=40, resource='ResourceCustom', work='Erlang(2)', replications=20)",erlang_2,base_erlang_2,16000090,service_dist_sensitivity,3.0159,100000.0,20000.0
241677,255924,241672,0.05566887044591363,2.6369084612473546,15.206412583095592,80000.0,0.07917423087628477,0.18835081701562353,0.00017628072982474804,0.000033511158470537336,1.6479271924254135e-6,0.0,0.0,0.0,0.0,0.0,0.0,0.0,0.23920774226496688,0.0,0.21251209267212284,0.14698592341888633,0.08130665219907546,0.03530044131904115,0.0124032914957932,0.0035742868424888004,0.0009730820802293237,14247,0,14247,0,17,"Scenario(name='base_erlang_2', K=20, N=12, R=40, resource='ResourceCustom', work='Erlang(2)', replications=20)",erlang_2,base_erlang_2,17000093,service_dist_sensitivity,3.0209,100000.0,20000.0
241530,255727,241531,0.05551623410903033,2.6449843827450117,15.229721206432394,80000.0,0.07850717311719609,0.1866698585554907,0.0002030149138429806,0.00004822197993480586,0.000010783960921071412,0.0,0.0,0.0,0.0,0.0,0.0,0.0,0.23776336405801599,0.0,0.21482962458520846,0.1490935358462021,0.08036223759901669,0.035532195446574814,0.01253379420487663,0.0035219012188562374,0.000924294513863424,14197,0,14193,4,18,"Scenario(name='base_erlang_2', K=20, N=12, R=40, resource='ResourceCustom', work='Erlang(2)', replications=20)",erlang_2,base_erlang_2,18000096,service_dist_sensitivity,3.0191375,100000.0,20000.0
242502,256834,242502,0.055802580655209204,2.6498060573766566,15.246558267167108,80000.0,0.07785947894150386,0.187266606733579,0.00020836156415775803,0.000022792730575201858,7.673182286998781e-6,0.0,0.0,0.0,0.0,0.0,0.0,0.0,0.23817745897292375,0.0,0.21307173619813516,0.1482716359028604,0.08192091205338452,0.03592214271929083,0.012701934218747055,0.003717990530862062,0.000851276251693389,14332,0,14332,0,19,"Scenario(name='base_erlang_2', K=20, N=12, R=40, resource='ResourceCustom', work='Erlang(2)', replications=20)",erlang_2,base_erlang_2,19000099,service_dist_sensitivity,3.031275,100000.0,20000.0
241856,255995,241857,0.055231547491161936,2.6484054050844503,15.24893567877525,80000.0,0.07821603283274249,0.18681218878726769,0.00018707455543158177,0.00004339955209557047,0.000012963368600276227,0.0,0.0,0.0,0.0,0.0,0.0,0.0,0.2385776423119477,0.0,0.21345873049779607,0.1479682592830164,0.08136291848969135,0.036150840400105064,0.012677033948036114,0.0035701142475039432,0.0009628017257657575,14139,0,14135,4,0,"Scenario(name='base_erlang_4', K=20, N=12, R=40, resource='ResourceCustom', work='Erlang(4)', replications=20)",erlang_4,base_erlang_4,42,service_dist_sensitivity,3.0232125,100000.0,20000.0
241579,255604,241577,0.054870033332811693,2.636748264268483,15.189860387704801,80000.0,0.07878918625255,0.1895888265523966,0.0001704336547251387,0.000045824868977160804,0.000015050902212988148,0.0,0.0,0.0,0.0,0.0,0.0,0.0,0.23801808495544055,0.0,0.212354203523043,0.14750031443230505,0.08156908458160497,0.03513487587864588,0.012406528769859506,0.0034982716487688323,0.0009093139794703347,14025,0,14021,4,1,"Scenario(name='base_erlang_4', K=20, N=12, R=40, resource='ResourceCustom', work='Erlang(4)', replications=20)",erlang_4,base_erlang_4,1000045,service_dist_sensitivity,3.0197125,100000.0,20000.0
242215,256743,242211,0.056585768648025454,2.646932175882726,15.274865585807134,80000.0,0.07653358398950427,0.18653696503302986,0.00015387887231418064,0.000024389429116854443,3.5876648467365156e-6,0.0,0.0,0.0,0.0,0.0,0.0,0.0,0.2402954001100018,0.0,0.2149395559585482,0.14828341985957255,0.08095331137507847,0.03564342179805035,0.012449244855038342,0.0034190322488791025,0.0007642088060193146,14528,0,14528,0,2,"Scenario(name='base_erlang_4', K=20, N=12, R=40, resource='ResourceCustom', work='Erlang(4)', replications=20)",erlang_4,base_erlang_4,2000048,service_dist_sensitivity,3.0276375,100000.0,20000.0
242562,256691,242562,0.05504283360148973,2.6478667869845585,15.226494870826754,80000.0,0.07651683373655974,0.18640783130107944,0.0001481545551243471,0.00003356253728506999,7.165764186538581e-6,0.0,0.0,0.0,0.0,0.0,0.0,0.0,0.2393554337554604,0.0,0.21531780948624196,0.14880441717171508,0.0819338856864892,0.03518807162845706,0.012255675138301649,0.0032277489278419126,0.0008034103112576304,14129,0,14128,1,3,"Scenario(name='base_erlang_4', K=20, N=12, R=40, resource='ResourceCustom', work='Erlang(4)', replications=20)",erlang_4,base_erlang_4,3000051,service_dist_sensitivity,3.032025,100000.0,20000.0
241662,255634,241663,0.05465626638084136,2.6397656598085435,15.19241881183122,80000.0,0.07814594336870305,0.1885741516015255,0.00012523218194273794,0.000011137181228514236,3.237742823876033e-6,0.0,0.0,0.0,0.0,0.0,0.0,0.0,0.23866438181954477,0.0,0.21336862729251538,0.14751434904751604,0.08118889281357515,0.035529855626154315,0.012625955090004845,0.0034536267915380447,0.0007946094429277764,13972,0,13972,0,4,"Scenario(name='base_erlang_4', K=20, N=12, R=40, resource='ResourceCustom', work='Erlang(4)', replications=20)",erlang_4,base_erlang_4,4000054,service_dist_sensitivity,3.0207875,100000.0,20000.0
241887,256114,241888,0.05554948187135416,2.6428686060934456,15.203293366111714,80000.0,0.07825319154798817,0.18858264869638397,0.0001490803225728996,0.00001491366453901719,1.367656947059004e-6,0.0,0.0,0.0,0.0,0.0,0.0,0.0,0.2380542381483422,0.0,0.21152546655388196,0.14903251620490945,0.08230647201452712,0.035420801943451444,0.012311301998259569,0.0035685457548648627,0.0007794554933322615,14227,0,14226,1,5,"Scenario(name='base_erlang_4', K=20, N=12, R=40, resource='ResourceCustom', work='Erlang(4)', replications=20)",erlang_4,base_erlang_4,5000057,service_dist_sensitivity,3.0236,100000.0,20000.0
241615,255888,241619,0.05577830926030138,2.6393835039494733,15.176662555974897,80000.0,0.0772462519395423,0.18917048312911092,0.00015891604021949206,0.00001408118522103905,9.402126504028274e-7,0.0,0.0,0.0,0.0,0.0,0.0,0.0,0.23912853741099224,0.0,0.2134335476863867,0.14739371848825172,0.08170436879976578,0.035479319499033775,0.012031543358127374,0.003438101761427106,0.0008001904892711536,14273,0,14273,0,6,"Scenario(name='base_erlang_4', K=20, N=12, R=40, resource='ResourceCustom', work='Erlang(4)', replications=20)",erlang_4,base_erlang_4,6000060,service_dist_sensitivity,3.0202375,100000.0,20000.0
241762,255629,241763,0.05424658391653529,2.639692123369429,15.14407281258872,80000.0,0.07727593262025867,0.18836910464355733,0.00019020955170544768,0.00005366713788484958,1.9203453630325383e-7,0.0,0.0,0.0,0.0,0.0,0.0,0.0,0.23927005828838105,0.0,0.2142386701407239,0.1484277396917526,0.08096405155927633,0.034806569793831524,0.011944082478135533,0.0035445579342235304,0.0009151641257329629,13867,0,13867,0,7,"Scenario(name='base_erlang_4', K=20, N=12, R=40, resource='ResourceCustom', work='Erlang(4)', replications=20)",erlang_4,base_erlang_4,7000063,service_dist_sensitivity,3.0220375,100000.0,20000.0
242153,256309,242152,0.05523021041009094,2.6420985434511794,15.229732501461138,80000.0,0.0777735812713172,0.188225186784069,0.00016679962611588052,0.00002395505014628725,9.267751001425494e-6,0.0,0.0,0.0,0.0,0.0,0.0,0.0,0.23809620185875388,0.0,0.21417981605785844,0.14860784051202167,0.08061250976101555,0.03557968954018588,0.012475428772710075,0.0034487666852502114,0.0008009563295544922,14156,0,14153,3,8,"Scenario(name='base_erlang_4', K=20, N=12, R=40, resource='ResourceCustom', work='Erlang(4)', replications=20)",erlang_4,base_erlang_4,8000066,service_dist_sensitivity,3.0269,100000.0,20000.0
241484,255508,241486,0.05488673544468275,2.642971177090383,15.211492526053679,80000.0,0.0779901285564893,0.18762926835654534,0.00019944483319977736,0.000015339994614078022,0.0,0.0,0.0,0.0,0.0,0.0,0.0,0.0,0.2387660768618833,0.0,0.21364285201586541,0.14807795224326986,0.08156556128157168,0.0353839351937685,0.01234160356867833,0.0036069746816038786,0.0007808624125105326,14024,0,14024,0,9,"Scenario(name='base_erlang_4', K=20, N=12, R=40, resource='ResourceCustom', work='Erlang(4)', replications=20)",erlang_4,base_erlang_4,9000069,service_dist_sensitivity,3.018575,100000.0,20000.0
241803,256008,241806,0.055486547295397017,2.647932545587782,15.25535621910606,80000.0,0.07803596341070333,0.18732606970044136,0.0001111425475134638,0.000021612413306502276,0.0,0.0,0.0,0.0,0.0,0.0,0.0,0.0,0.23716452517738257,0.0,0.21334427883827725,0.14954456199381225,0.08188427443281353,0.03573392414935938,0.01258187937215207,0.0034468053224443337,0.0008049626417939635,14205,0,14205,0,10,"Scenario(name='base_erlang_4', K=20, N=12, R=40, resource='ResourceCustom', work='Erlang(4)', replications=20)",erlang_4,base_erlang_4,10000072,service_dist_sensitivity,3.022575,100000.0,20000.0
241800,255934,241800,0.05522517524049169,2.640568683335299,15.198453890535276,80000.0,0.07855324434641575,0.1872801584266866,0.00021395020171976285,0.00004546266351439954,0.00001117355128253621,0.0,0.0,0.0,0.0,0.0,0.0,0.0,0.2390968094602522,0.0,0.21288473446375655,0.14909842350511263,0.08115005823126557,0.035256079970859625,0.012112711349375787,0.003477160249801682,0.0008200335799569074,14134,0,14134,0,11,"Scenario(name='base_erlang_4', K=20, N=12, R=40, resource='ResourceCustom', work='Erlang(4)', replications=20)",erlang_4,base_erlang_4,11000075,service_dist_sensitivity,3.0225,100000.0,20000.0
242588,256784,242587,0.05528381830643654,2.6521353383696438,15.230698438392547,80000.0,0.07776652108530316,0.18703607984329707,0.00018482337110108346,0.0000315579792493736,1.6380799970647785e-6,0.0,0.0,0.0,0.0,0.0,0.0,0.0,0.23706971427269946,0.0,0.2140275086106753,0.14906062582307128,0.08132384335482183,0.03616413618248271,0.012731486659931488,0.0037232507109395555,0.0008788140264306549,14196,0,14196,0,12,"Scenario(name='base_erlang_4', K=20, N=12, R=40, resource='ResourceCustom', work='Erlang(4)', replications=20)",erlang_4,base_erlang_4,12000078,service_dist_sensitivity,3.0323375,100000.0,20000.0
241325,255535,241328,0.05560882070949185,2.63789939907769,15.160960585653614,80000.0,0.0782663922371769,0.18807855024813638,0.00013038896484231374,0.000015113881718934863,0.0,0.0,0.0,0.0,0.0,0.0,0.0,0.0,0.23914389915095807,0.0,0.21311933524344348,0.14898889015877947,0.08054006554733828,0.03501736980314872,0.012459561042246832,0.003436035536348754,0.0008043981858618281,14210,0,14210,0,13,"Scenario(name='base_erlang_4', K=20, N=12, R=40, resource='ResourceCustom', work='Erlang(4)', replications=20)",erlang_4,base_erlang_4,13000081,service_dist_sensitivity,3.0166,100000.0,20000.0
242076,256298,242075,0.05549009356296186,2.641911885698225,15.180002664633049,80000.0,0.0783417714130056,0.18723008010761333,0.00019281808102437025,0.00004608934923144261,6.004775802375661e-6,0.0,0.0,0.0,0.0,0.0,0.0,0.0,0.23894893733316885,0.0,0.21341656035787387,0.14836794392311367,0.08172190157394817,0.035235631789727176,0.012218204358186359,0.003461988354371988,0.0008120685829328067,14222,0,14219,3,14,"Scenario(name='base_erlang_4', K=20, N=12, R=40, resource='ResourceCustom', work='Erlang(4)', replications=20)",erlang_4,base_erlang_4,14000084,service_dist_sensitivity,3.0259375,100000.0,20000.0
241807,255863,241804,0.05493564915599364,2.642240337530586,15.219846753236611,80000.0,0.07820847694844969,0.18763024369352316,0.00016541724758390046,0.00002051922379341704,7.880994506376738e-6,0.0,0.0,0.0,0.0,0.0,0.0,0.0,0.24000789671638031,0.0,0.21186559591905862,0.14816141366828497,0.08129543506891801,0.035799050558107504,0.012421872527704136,0.003592961188030267,0.0008232362456596547,14056,0,14055,1,15,"Scenario(name='base_erlang_4', K=20, N=12, R=40, resource='ResourceCustom', work='Erlang(4)', replications=20)",erlang_4,base_erlang_4,15000087,service_dist_sensitivity,3.02255,100000.0,20000.0
241468,255708,241465,0.05568851971780312,2.641575215859256,15.210317602679163,80000.0,0.07792755468561872,0.18869240410005958,0.000170921744485031,0.000023513340868566958,1.414530846886919e-6,0.0,0.0,0.0,0.0,0.0,0.0,0.0,0.2387919518521929,0.0,0.21254323974013406,0.1480823956363416,0.08115678777674493,0.03583637795621212,0.012489317108826071,0.0034297524073309887,0.0008543691203385151,14240,0,14240,0,16,"Scenario(name='base_erlang_4', K=20, N=12, R=40, resource='ResourceCustom', work='Erlang(4)', replications=20)",erlang_4,base_erlang_4,16000090,service_dist_sensitivity,3.0183125,100000.0,20000.0
241945,256107,241944,0.05529719999843815,2.6479020441221763,15.249901583515248,80000.0,0.07790202874483694,0.1872309068593279,0.00013269660103833303,0.000022227493825721467,1.0218147078376205e-6,0.0,0.0,0.0,0.0,0.0,0.0,0.0,0.23706055767131662,0.0,0.2137053898093358,0.14975509701408538,0.08202729292252861,0.03539000090237705,0.01257468719973126,0.00345238291011583,0.0007457100567727594,14162,0,14162,0,17,"Scenario(name='base_erlang_4', K=20, N=12, R=40, resource='ResourceCustom', work='Erlang(4)', replications=20)",erlang_4,base_erlang_4,17000093,service_dist_sensitivity,3.0243,100000.0,20000.0
241126,255000,241126,0.0544078431372549,2.6336602605701245,15.145696973989136,80000.0,0.07806568888618821,0.1891457723580389,0.00017490937019279046,0.000037451484554048874,7.786076318689083e-6,0.0,0.0,0.0,0.0,0.0,0.0,0.0,0.24003112801099624,0.0,0.21272758958044333,0.14795291344234043,0.08048974953883799,0.03491221935423564,0.012146910032292589,0.0035180541041466766,0.0007898277614144717,13874,0,13872,2,18,"Scenario(name='base_erlang_4', K=20, N=12, R=40, resource='ResourceCustom', work='Erlang(4)', replications=20)",erlang_4,base_erlang_4,18000096,service_dist_sensitivity,3.014075,100000.0,20000.0
242215,256171,242215,0.054479234573780795,2.642144365909315,15.187231373220502,80000.0,0.07756122714201451,0.18790766386532795,0.00023713228594806422,0.000041503932441855796,6.1563799102259505e-6,0.0,0.0,0.0,0.0,0.0,0.0,0.0,0.24006528941031893,0.0,0.2130978240379443,0.14811999206572424,0.08067840818019018,0.03530851875362132,0.012498904175515553,0.0036009604193181985,0.0008764193517246894,13956,0,13956,0,19,"Scenario(name='base_erlang_4', K=20, N=12, R=40, resource='ResourceCustom', work='Erlang(4)', replications=20)",erlang_4,base_erlang_4,19000099,service_dist_sensitivity,3.0276875,100000.0,20000.0
241643,255669,241639,0.054859994758848354,2.642126453213313,15.194734889107174,80000.0,0.07794218796919276,0.18794396160099122,0.00016008089579863736,0.000037770925799532054,5.250999075451546e-6,0.0,0.0,0.0,0.0,0.0,0.0,0.0,0.23807047297324535,0.0,0.21372139139285123,0.14915152928908537,0.08130020096190634,0.03532011947713995,0.011890063872465816,0.003572942361417927,0.0008840272810304214,14026,0,14025,1,0,"Scenario(name='base_erlang_8', K=20, N=12, R=40, resource='ResourceCustom', work='Erlang(8)', replications=20)",erlang_8,base_erlang_8,42,service_dist_sensitivity,3.0204875,100000.0,20000.0
241768,255881,241769,0.05515454449529274,2.641707534806387,15.206090549192615,80000.0,0.0783935265987202,0.18920799980049383,0.00015831773063055153,0.000023858883837556278,0.000010586565888115728,0.0,0.0,0.0,0.0,0.0,0.0,0.0,0.23715640387107598,0.0,0.21221004994029605,0.1484090655534752,0.08212074259295164,0.035688547606465365,0.012536817229912367,0.0033018204394391886,0.0007822631868139979,14113,0,14111,2,1,"Scenario(name='base_erlang_8', K=20, N=12, R=40, resource='ResourceCustom', work='Erlang(8)', replications=20)",erlang_8,base_erlang_8,1000045,service_dist_sensitivity,3.0221125,100000.0,20000.0
241819,255867,241817,0.05490352409650326,2.643784559838499,15.222530989532036,80000.0,0.07774353724165753,0.18753916636813023,0.0002040219926527243,0.00003933270503712265,2.7364871165445946e-6,0.0,0.0,0.0,0.0,0.0,0.0,0.0,0.2373950108887031,0.0,0.2152136194436993,0.1492030255773492,0.08103544384182455,0.035198044307786724,0.012121105587054443,0.0034611306709873588,0.0008438248880011542,14048,0,14048,0,2,"Scenario(name='base_erlang_8', K=20, N=12, R=40, resource='ResourceCustom', work='Erlang(8)', replications=20)",erlang_8,base_erlang_8,2000048,service_dist_sensitivity,3.0227125,100000.0,20000.0
242317,256371,242323,0.05481899278779581,2.64293798644076,15.19910066408688,80000.0,0.07843089408907335,0.18788070258834272,0.00018905501493286466,0.00002945177415681428,5.44511522666653e-6,0.0,0.0,0.0,0.0,0.0,0.0,0.0,0.23771982849737125,0.0,0.21315943815508331,0.14873878584571906,0.08202881632057693,0.035214308885870606,0.012147176038786301,0.003660738301578158,0.0007953593732819627,14054,0,14054,0,3,"Scenario(name='base_erlang_8', K=20, N=12, R=40, resource='ResourceCustom', work='Erlang(8)', replications=20)",erlang_8,base_erlang_8,3000051,service_dist_sensitivity,3.0290375,100000.0,20000.0
241340,255261,241339,0.054536337317490725,2.6380858159201725,15.162334570830353,80000.0,0.0788249743384913,0.18896143216918596,0.00017811178448205283,0.000026167345481599114,5.809977929857268e-7,0.0,0.0,0.0,0.0,0.0,0.0,0.0,0.23677283627530424,0.0,0.21331620330933046,0.1492053151255358,0.0811120827821067,0.0351040522776847,0.01222665742281183,0.003482694930846128,0.0007888912409462592,13921,0,13921,0,4,"Scenario(name='base_erlang_8', K=20, N=12, R=40, resource='ResourceCustom', work='Erlang(8)', replications=20)",erlang_8,base_erlang_8,4000054,service_dist_sensitivity,3.0167375,100000.0,20000.0
242653,256977,242655,0.05574039700050977,2.6541840590175294,15.265637493879927,80000.0,0.07802608635471561,0.18660238869298074,0.0002284992780058019,0.00005865348333450129,7.64774998260691e-6,0.0,0.0,0.0,0.0,0.0,0.0,0.0,0.23712022251699505,0.0,0.21288066928122568,0.14973290089695834,0.08217425788398236,0.03586921620134576,0.012688296713824366,0.003659452382080963,0.0009517085645682527,14324,0,14324,0,5,"Scenario(name='base_erlang_8', K=20, N=12, R=40, resource='ResourceCustom', work='Erlang(8)', replications=20)",erlang_8,base_erlang_8,5000057,service_dist_sensitivity,3.0331875,100000.0,20000.0
242190,256678,242189,0.05644426090276533,2.646542168498857,15.233498236837322,80000.0,0.07775205123020691,0.1878420461980064,0.00015300247121458597,0.000027512182639702587,0.0,0.0,0.0,0.0,0.0,0.0,0.0,0.0,0.23847274894856832,0.0,0.21270816210241214,0.14848246936156798,0.0817248544054848,0.03581319507911085,0.01265057560012624,0.0035503115599086867,0.000823070860753387,14488,0,14488,0,6,"Scenario(name='base_erlang_8', K=20, N=12, R=40, resource='ResourceCustom', work='Erlang(8)', replications=20)",erlang_8,base_erlang_8,6000060,service_dist_sensitivity,3.0273625,100000.0,20000.0
242170,256291,242169,0.05509752585927715,2.6471935315058297,15.246169010953917,80000.0,0.07754019596386211,0.18709159871996553,0.00015319942819696735,0.000034335031706041264,0.00001407886996457819,0.0,0.0,0.0,0.0,0.0,0.0,0.0,0.23846874692336956,0.0,0.21392201023186488,0.14893271071205857,0.0814817017925639,0.03570317367022744,0.012245328686893344,0.0034721921913956977,0.0009407277779313517,14121,0,14118,3,7,"Scenario(name='base_erlang_8', K=20, N=12, R=40, resource='ResourceCustom', work='Erlang(8)', replications=20)",erlang_8,base_erlang_8,7000063,service_dist_sensitivity,3.0271125,100000.0,20000.0
242516,256362,242514,0.05400956460005773,2.6508644211451213,15.194631045378392,80000.0,0.07800695963952171,0.18674057590480012,0.00014189787460823028,0.00002690552663220842,0.0,0.0,0.0,0.0,0.0,0.0,0.0,0.0,0.23701010708356607,0.0,0.2140408230506729,0.14901310791345965,0.0821776883648116,0.03582549016926496,0.012596969789067543,0.0035816527871803828,0.0008378218964146527,13846,0,13846,0,8,"Scenario(name='base_erlang_8', K=20, N=12, R=40, resource='ResourceCustom', work='Erlang(8)', replications=20)",erlang_8,base_erlang_8,8000066,service_dist_sensitivity,3.031425,100000.0,20000.0
242323,256507,242320,0.05529673654130297,2.651728026106819,15.268304669090648,80000.0,0.07765246598570674,0.18624418085693506,0.00017382299859013982,0.0000489123137646402,0.0,0.0,0.0,0.0,0.0,0.0,0.0,0.0,0.23813121747652685,0.0,0.21467414109138572,0.1485993263394599,0.08116369047361795,0.035827656306267636,0.012925553702155458,0.0037691419935715204,0.0007898904620183657,14184,0,14184,0,9,"Scenario(name='base_erlang_8', K=20, N=12, R=40, resource='ResourceCustom', work='Erlang(8)', replications=20)",erlang_8,base_erlang_8,9000069,service_dist_sensitivity,3.029,100000.0,20000.0
241521,255928,241522,0.056293176205807885,2.6418701019678243,15.207589786601343,80000.0,0.07864346912525876,0.1881886139851907,0.0001823015335252876,0.0000254872265098129,0.0,0.0,0.0,0.0,0.0,0.0,0.0,0.0,0.23748044513464014,0.0,0.21346038906579243,0.14843036599954826,0.08097326390022436,0.035787058592295445,0.01254533977366441,0.0034408487497772965,0.0008424169135731063,14407,0,14407,0,10,"Scenario(name='base_erlang_8', K=20, N=12, R=40, resource='ResourceCustom', work='Erlang(8)', replications=20)",erlang_8,base_erlang_8,10000072,service_dist_sensitivity,3.019025,100000.0,20000.0
242134,256339,242132,0.0554148998006546,2.6469528040737313,15.226437219493127,80000.0,0.07816569282976565,0.18672397924444714,0.00018182615601190265,0.000025705184950584225,1.274575708521297e-7,0.0,0.0,0.0,0.0,0.0,0.0,0.0,0.2386305918297876,0.0,0.21377337230861412,0.14828643352575638,0.08116411275019768,0.036181014729629576,0.012349274101324637,0.003613157720117988,0.0009047121618259098,14205,0,14205,0,11,"Scenario(name='base_erlang_8', K=20, N=12, R=40, resource='ResourceCustom', work='Erlang(8)', replications=20)",erlang_8,base_erlang_8,11000075,service_dist_sensitivity,3.02665,100000.0,20000.0
242298,256336,242300,0.054764059671680916,2.6471634112414595,15.19197467726326,80000.0,0.07883871322241376,0.18692662832573106,0.00015752645254083291,0.00003308920676918206,0.0,0.0,0.0,0.0,0.0,0.0,0.0,0.0,0.237031948268721,0.0,0.21341154614296864,0.14907439730087327,0.08182157545277523,0.03562602851930092,0.012649606715881691,0.003570345973054964,0.0008585944189694601,14038,0,14038,0,12,"Scenario(name='base_erlang_8', K=20, N=12, R=40, resource='ResourceCustom', work='Erlang(8)', replications=20)",erlang_8,base_erlang_8,12000078,service_dist_sensitivity,3.02875,100000.0,20000.0
241791,255883,241795,0.05507204464540434,2.6412248517737162,15.229192619690608,80000.0,0.0781267133520943,0.18820540282677126,0.0001529332395859001,0.000020832256795529248,6.530035482865059e-6,0.0,0.0,0.0,0.0,0.0,0.0,0.0,0.23830875940839955,0.0,0.2131788940430266,0.1486653068246147,0.08132030002300585,0.035449814399644675,0.012244556894654625,0.0035247219825938828,0.0007952347133302738,14092,0,14090,2,13,"Scenario(name='base_erlang_8', K=20, N=12, R=40, resource='ResourceCustom', work='Erlang(8)', replications=20)",erlang_8,base_erlang_8,13000081,service_dist_sensitivity,3.0224375,100000.0,20000.0
241488,255723,241489,0.05566570077779472,2.6377508221805805,15.187881721592701,80000.0,0.07943923784696344,0.1886284034154081,0.00016539825852123613,0.00002403581326643689,0.0,0.0,0.0,0.0,0.0,0.0,0.0,0.0,0.23801936055118716,0.0,0.21244685443811673,0.14755454194288772,0.08109096472733432,0.03556148565842546,0.012657319333508622,0.0035299650054574612,0.0008824330089233171,14235,0,14235,0,14,"Scenario(name='base_erlang_8', K=20, N=12, R=40, resource='ResourceCustom', work='Erlang(8)', replications=20)",erlang_8,base_erlang_8,14000084,service_dist_sensitivity,3.0186125,100000.0,20000.0
242425,256554,242420,0.0550722265098186,2.6508787534283393,15.245857736058586,80000.0,0.07709774797459713,0.1869420338970805,0.00018858131652832525,0.00001985463737937607,4.941590358430403e-6,0.0,0.0,0.0,0.0,0.0,0.0,0.0,0.23832602944196707,0.0,0.21407516765516138,0.14921726211048486,0.08121149092599207,0.03576396669517235,0.012666084382764575,0.0036588038538281123,0.0008280355186858287,14129,0,14127,2,15,"Scenario(name='base_erlang_8', K=20, N=12, R=40, resource='ResourceCustom', work='Erlang(8)', replications=20)",erlang_8,base_erlang_8,15000087,service_dist_sensitivity,3.03025,100000.0,20000.0
241939,256055,241938,0.05512878092597293,2.6422161911579476,15.190629067140986,80000.0,0.07755090707949043,0.18815294016145817,0.00017101678291637655,0.00003436154542914664,0.000013368122791871428,0.0,0.0,0.0,0.0,0.0,0.0,0.0,0.23951637419324348,0.0,0.21236392459020562,0.14895144787847703,0.08136103445556268,0.03535400431402177,0.012133961373469856,0.0035524882795445593,0.0008441712233890029,14116,0,14113,3,16,"Scenario(name='base_erlang_8', K=20, N=12, R=40, resource='ResourceCustom', work='Erlang(8)', replications=20)",erlang_8,base_erlang_8,16000090,service_dist_sensitivity,3.024225,100000.0,20000.0
241379,255682,241378,0.05594058244225249,2.6382851617731307,15.17911210532979,80000.0,0.0788251381972866,0.1885776687726534,0.00015291429513649747,0.000016753960823234594,0.0,0.0,0.0,0.0,0.0,0.0,0.0,0.0,0.23740764246995108,0.0,0.2136562203088621,0.14788177815169834,0.08166443381293839,0.03532702843817197,0.012290142004118843,0.0034348520110168467,0.0007654275773426889,14303,0,14303,0,17,"Scenario(name='base_erlang_8', K=20, N=12, R=40, resource='ResourceCustom', work='Erlang(8)', replications=20)",erlang_8,base_erlang_8,17000093,service_dist_sensitivity,3.017225,100000.0,20000.0
241190,255242,241186,0.05505363537348869,2.6340976515240238,15.181929379468437,80000.0,0.07881347088967136,0.18848168933034895,0.00018873747890606866,0.000020674997928199445,3.597941278712824e-7,0.0,0.0,0.0,0.0,0.0,0.0,0.0,0.23891437750916872,0.0,0.21343928523816058,0.1483699811521416,0.08063446683608026,0.034403186459064046,0.012399472212832507,0.003526131782257971,0.0008081663193118857,14052,0,14052,0,18,"Scenario(name='base_erlang_8', K=20, N=12, R=40, resource='ResourceCustom', work='Erlang(8)', replications=20)",erlang_8,base_erlang_8,18000096,service_dist_sensitivity,3.014825,100000.0,20000.0
242688,256914,242688,0.05537261496064831,2.6521507277406795,15.236856097013355,80000.0,0.0766069637632359,0.1863627833075512,0.00016883518131312485,8.976412639367481e-6,1.2511747258031392e-6,0.0,0.0,0.0,0.0,0.0,0.0,0.0,0.23943210801748505,0.0,0.2139071676562094,0.1493194735272365,0.0815067327091303,0.03569851985859464,0.012371018040392028,0.0037452172716325094,0.0008709530798541436,14226,0,14226,0,19,"Scenario(name='base_erlang_8', K=20, N=12, R=40, resource='ResourceCustom', work='Erlang(8)', replications=20)",erlang_8,base_erlang_8,19000099,service_dist_sensitivity,3.0336,100000.0,20000.0
241261,255060,241264,0.05410099584411511,2.6363804003498865,15.181855568787578,80000.0,0.07783119613557424,0.18809846541726982,0.00022897558506178938,0.00003969506756852752,1.7807070814797043e-6,0.0,0.0,0.0,0.0,0.0,0.0,0.0,0.24029610860263415,0.0,0.21339242883509374,0.1485455313291245,0.08047610785049328,0.034601320299501186,0.01214695552599228,0.003507525706144497,0.0008339089384604904,13799,0,13799,0,0,"Scenario(name='base_exponential', K=20, N=12, R=40, resource='ResourceCustom', work='Exponential', replications=20)",exponential,base_exponential,42,service_dist_sensitivity,3.0158,100000.0,20000.0
242108,256412,242107,0.055785220660499506,2.6452512061679974,15.218082004686963,80000.0,0.0782690959796867,0.1874878677755014,0.0001961506180334254,0.00003590930964846848,8.450862286645133e-6,0.0,0.0,0.0,0.0,0.0,0.0,0.0,0.23722788769331654,0.0,0.21410431710707903,0.14890449471816455,0.08188120041482248,0.035008311112798174,0.012407935360057763,0.0036081138306896265,0.0008602652179151846,14304,0,14303,1,1,"Scenario(name='base_exponential', K=20, N=12, R=40, resource='ResourceCustom', work='Exponential', replications=20)",exponential,base_exponential,1000045,service_dist_sensitivity,3.0263375,100000.0,20000.0
242152,256162,242153,0.05469195274865125,2.644727128228959,15.193452511666884,80000.0,0.07663358301403105,0.18837884882032405,0.000179960336825161,0.00003376224507901498,6.832257886344451e-7,0.0,0.0,0.0,0.0,0.0,0.0,0.0,0.23890699055291115,0.0,0.21451955687148574,0.14789294869888686,0.08135368000308676,0.03543992924179461,0.01235666294911157,0.003410516356837843,0.0008928776838375597,14010,0,14009,1,2,"Scenario(name='base_exponential', K=20, N=12, R=40, resource='ResourceCustom', work='Exponential', replications=20)",exponential,base_exponential,2000048,service_dist_sensitivity,3.0269125,100000.0,20000.0
242611,256998,242609,0.0559809803967346,2.644639944122003,15.267685441150332,80000.0,0.078164328580864,0.18608813213561876,0.00025400213885322956,0.000036342369572867025,4.31457832128217e-6,0.0,0.0,0.0,0.0,0.0,0.0,0.0,0.23950855678676475,0.0,0.21402475085918668,0.1486745828660995,0.08138212757427063,0.035370743094223965,0.012158669354407174,0.0034762768966946625,0.0008571727651225046,14387,0,14386,1,3,"Scenario(name='base_exponential', K=20, N=12, R=40, resource='ResourceCustom', work='Exponential', replications=20)",exponential,base_exponential,3000051,service_dist_sensitivity,3.0326125,100000.0,20000.0
241671,255730,241673,0.0549759511985297,2.6455455954956983,15.174292944293947,80000.0,0.07767364640834376,0.18825209374605362,0.0001542300149062612,0.00003274127452746143,0.0,0.0,0.0,0.0,0.0,0.0,0.0,0.0,0.23832592280486797,0.0,0.21332591020760702,0.14772267632086294,0.0817062527452908,0.03571984242677681,0.012497280707695973,0.0037651472638215635,0.0008242560792458334,14059,0,14059,0,4,"Scenario(name='base_exponential', K=20, N=12, R=40, resource='ResourceCustom', work='Exponential', replications=20)",exponential,base_exponential,4000054,service_dist_sensitivity,3.0209125,100000.0,20000.0
242241,256523,242239,0.055675319561988595,2.6485639328824235,15.222246158422942,80000.0,0.07755155308817725,0.18700029948974461,0.00013736364888695788,0.000014164855033777713,2.4481674830894916e-6,0.0,0.0,0.0,0.0,0.0,0.0,0.0,0.23873070626865328,0.0,0.21321056980727512,0.14834106384147044,0.082398525964598,0.035729674249059054,0.012636138843361368,0.0035036450435602545,0.0007438467326967838,14282,0,14282,0,5,"Scenario(name='base_exponential', K=20, N=12, R=40, resource='ResourceCustom', work='Exponential', replications=20)",exponential,base_exponential,5000057,service_dist_sensitivity,3.0279875,100000.0,20000.0
241577,255381,241579,0.05405257243099526,2.637640939257448,15.148473998582922,80000.0,0.07893244615212816,0.18787156317777898,0.00016028335120136033,0.000020967100222833323,0.0,0.0,0.0,0.0,0.0,0.0,0.0,0.0,0.23892493544077487,0.0,0.21249808628527722,0.14869247898220903,0.08113463613418903,0.03528610330444917,0.01219437648188873,0.003485689380799795,0.000798434209080824,13804,0,13804,0,6,"Scenario(name='base_exponential', K=20, N=12, R=40, resource='ResourceCustom', work='Exponential', replications=20)",exponential,base_exponential,6000060,service_dist_sensitivity,3.0197375,100000.0,20000.0
242380,256305,242377,0.054329802383878585,2.637710338778884,15.161093543373735,80000.0,0.07721808314457566,0.18912291736419085,0.00016121714298010373,0.000029781185634647047,9.936892564110166e-6,0.0,0.0,0.0,0.0,0.0,0.0,0.0,0.2399403645824198,0.0,0.21351117182908114,0.1476662405495927,0.0804731336792168,0.03519333717503828,0.01232490022171719,0.003491031713545317,0.0008578845194434052,13925,0,13924,1,7,"Scenario(name='base_exponential', K=20, N=12, R=40, resource='ResourceCustom', work='Exponential', replications=20)",exponential,base_exponential,7000063,service_dist_sensitivity,3.0297125,100000.0,20000.0
242146,256002,242145,0.054124577151741,2.643995888946153,15.202493690406811,80000.0,0.07717836831999916,0.18764875171734052,0.00015460653113918852,0.00003478298156937853,5.9946629758997e-6,0.0,0.0,0.0,0.0,0.0,0.0,0.0,0.23982203964032073,0.0,0.2134934918885388,0.1485981476905588,0.08065515151990135,0.03556473579439476,0.012436616090752977,0.0035569260077685156,0.0008503871547399285,13856,0,13856,0,8,"Scenario(name='base_exponential', K=20, N=12, R=40, resource='ResourceCustom', work='Exponential', replications=20)",exponential,base_exponential,8000066,service_dist_sensitivity,3.0268125,100000.0,20000.0
242055,256510,242054,0.05635257884682859,2.6559695638233474,15.26995333127938,80000.0,0.0779987891294984,0.18594558550496168,0.00021181186939306826,0.000045352469254794414,0.000013106494457952067,0.0,0.0,0.0,0.0,0.0,0.0,0.0,0.23661319359416566,0.0,0.21369927537474992,0.14983359527921575,0.08248796684474505,0.0360761367668375,0.012711207107440715,0.0035598105646375187,0.000804169000642014,14455,0,14455,0,9,"Scenario(name='base_exponential', K=20, N=12, R=40, resource='ResourceCustom', work='Exponential', replications=20)",exponential,base_exponential,9000069,service_dist_sensitivity,3.025675,100000.0,20000.0
241009,255355,241009,0.05618061130582914,2.6370174321377235,15.17974365953672,80000.0,0.07924157622937587,0.1874978537839117,0.00015100958291682217,0.00002191202217168211,8.986657296736667e-6,0.0,0.0,0.0,0.0,0.0,0.0,0.0,0.2390542975971121,0.0,0.21269020086876453,0.14816582055302796,0.08134108885823302,0.03550973195628117,0.012289764641947977,0.003223873382566626,0.0008038838663937895,14346,0,14344,2,10,"Scenario(name='base_exponential', K=20, N=12, R=40, resource='ResourceCustom', work='Exponential', replications=20)",exponential,base_exponential,10000072,service_dist_sensitivity,3.0126125,100000.0,20000.0
242178,256111,242176,0.054402192799215966,2.64560831428431,15.197414792833111,80000.0,0.07818944950869923,0.18726551202359273,0.000216046821732607,0.000026242701033788762,0.0,0.0,0.0,0.0,0.0,0.0,0.0,0.0,0.23850710977962103,0.0,0.21304666314122409,0.1485650932612079,0.08149521950073299,0.03598932401495963,0.012433875027745261,0.0033592624584229723,0.0009062017610277507,13933,0,13933,0,11,"Scenario(name='base_exponential', K=20, N=12, R=40, resource='ResourceCustom', work='Exponential', replications=20)",exponential,base_exponential,11000075,service_dist_sensitivity,3.0272,100000.0,20000.0
242586,256611,242584,0.054654710826893625,2.6411830264032092,15.21020248006621,80000.0,0.07841545228776567,0.1865796746104676,0.00011553430513008607,0.00001626751168478222,2.7643497989629396e-6,0.0,0.0,0.0,0.0,0.0,0.0,0.0,0.2389710447209317,0.0,0.2144559438007511,0.14866146048526274,0.08111233089568018,0.035174358117697646,0.012120605274731406,0.0035429817384364467,0.0008315819016616842,14025,0,14024,1,12,"Scenario(name='base_exponential', K=20, N=12, R=40, resource='ResourceCustom', work='Exponential', replications=20)",exponential,base_exponential,12000078,service_dist_sensitivity,3.0323,100000.0,20000.0
241324,255323,241322,0.05482858966877249,2.6406084235136724,15.193138900100669,80000.0,0.07754075792055291,0.18727253090687176,0.0001911327370872641,0.00004628902958302206,0.000013137448005545593,0.0,0.0,0.0,0.0,0.0,0.0,0.0,0.23858422283192776,0.0,0.2151262201319722,0.1496019066449577,0.08136546101087383,0.03398249521133934,0.011998412614491099,0.003405062340036102,0.0008723711723014276,13999,0,13995,4,13,"Scenario(name='base_exponential', K=20, N=12, R=40, resource='ResourceCustom', work='Exponential', replications=20)",exponential,base_exponential,13000081,service_dist_sensitivity,3.016525,100000.0,20000.0
242418,256582,242414,0.05520262528158639,2.65117160841407,15.25941639881712,80000.0,0.07717853284043558,0.18747967104947938,0.00018843523575565088,0.000045585618754876124,4.912059901471366e-6,0.0,0.0,0.0,0.0,0.0,0.0,0.0,0.23740099224364272,0.0,0.21460144910769155,0.14822512791532644,0.08192232037797813,0.03583686088998916,0.012661359150643921,0.0036147078676959155,0.0008400456427052177,14164,0,14162,2,14,"Scenario(name='base_exponential', K=20, N=12, R=40, resource='ResourceCustom', work='Exponential', replications=20)",exponential,base_exponential,14000084,service_dist_sensitivity,3.030175,100000.0,20000.0
241744,255733,241739,0.054701583291949026,2.641935795396163,15.199264242138248,80000.0,0.07739520180932391,0.18683547048742816,0.0001842717704917959,0.0000360238098022819,2.053933075785608e-6,0.0,0.0,0.0,0.0,0.0,0.0,0.0,0.2389340695206387,0.0,0.21500677146336575,0.1498513322091972,0.08102918364381072,0.03465573630141071,0.011890410070224653,0.003385565519245347,0.0007939094619850038,13989,0,13988,1,15,"Scenario(name='base_exponential', K=20, N=12, R=40, resource='ResourceCustom', work='Exponential', replications=20)",exponential,base_exponential,15000087,service_dist_sensitivity,3.0217375,100000.0,20000.0
242138,256107,242140,0.05454360872604029,2.6477728251904042,15.211824949864464,80000.0,0.07735918753228789,0.18578393460659753,0.00017115789150038836,0.00003712190866258425,0.000012690331382600562,0.0,0.0,0.0,0.0,0.0,0.0,0.0,0.23944727691667222,0.0,0.2142079480309003,0.14989579181637663,0.08128398622887945,0.03537886154005741,0.012221672077978883,0.003433023493559176,0.0007673476251449301,13969,0,13968,1,16,"Scenario(name='base_exponential', K=20, N=12, R=40, resource='ResourceCustom', work='Exponential', replications=20)",exponential,base_exponential,16000090,service_dist_sensitivity,3.02675,100000.0,20000.0
241943,256234,241942,0.05577323852416151,2.6477766792674795,15.232444614606523,80000.0,0.07696721033549461,0.18778930596450982,0.00017867384771052457,0.000037527236451433054,6.488546853370281e-6,0.0,0.0,0.0,0.0,0.0,0.0,0.0,0.23891801190298262,0.0,0.2133958727326758,0.14904578834549956,0.08114041037714127,0.035531893617127754,0.012243546950505106,0.0038024962527741534,0.0009427738902739747,14291,0,14289,2,17,"Scenario(name='base_exponential', K=20, N=12, R=40, resource='ResourceCustom', work='Exponential', replications=20)",exponential,base_exponential,17000093,service_dist_sensitivity,3.024275,100000.0,20000.0
240927,254631,240921,0.053819055810172364,2.632094678987563,15.126740421504003,80000.0,0.07859825435841648,0.18908349893898366,0.000200335240626373,0.00007275497353680293,6.260651936372596e-6,0.0,0.0,0.0,0.0,0.0,0.0,0.0,0.23859560253009646,0.0,0.21422701842446787,0.1483099294280353,0.07979786619037181,0.034911529827453935,0.011876630631229363,0.0034573765143617492,0.0008629422904838066,13704,0,13703,1,18,"Scenario(name='base_exponential', K=20, N=12, R=40, resource='ResourceCustom', work='Exponential', replications=20)",exponential,base_exponential,18000096,service_dist_sensitivity,3.0115125,100000.0,20000.0
242071,255870,242073,0.05392972994098566,2.635677098442638,15.147550443291577,80000.0,0.07919212040748634,0.1878016958596013,0.00016925596957280504,0.000013084588762285421,0.0,0.0,0.0,0.0,0.0,0.0,0.0,0.0,0.23939669305895864,0.0,0.21309112651087936,0.14763972971003964,0.08042534761815381,0.03561430611975302,0.012397108138592012,0.003514892023029188,0.0007446399951716103,13799,0,13799,0,19,"Scenario(name='base_exponential', K=20, N=12, R=40, resource='ResourceCustom', work='Exponential', replications=20)",exponential,base_exponential,19000099,service_dist_sensitivity,3.0259125,100000.0,20000.0
241594,255976,241592,0.0561849548395162,2.66012437581656,15.333183409616188,80000.0,0.07667344085971481,0.18490297704364594,0.00015373706984642013,0.00005211447019160005,0.000016238850923036808,0.0,0.0,0.0,0.0,0.0,0.0,0.0,0.23854035770725376,0.0,0.2130986522195791,0.15018301130675096,0.08353661865838945,0.03648965865551913,0.01234681492376344,0.003298968410190173,0.0007074098242321725,14382,0,14376,6,0,"Scenario(name='base_hyperexp_2', K=20, N=12, R=40, resource='ResourceCustom', work='HyperExp(2)', replications=20)",hyperexp_2,base_hyperexp_2,42,service_dist_sensitivity,3.0199,100000.0,20000.0
242095,256209,242099,0.05508783844439501,2.643029100524475,15.24500325479527,80000.0,0.0769970380143383,0.18746190283398195,0.00014661014642483678,0.000022488967564277118,6.716348534610006e-8,0.0,0.0,0.0,0.0,0.0,0.0,0.0,0.23967331977727876,0.0,0.21443954383971828,0.1486421864952137,0.08106245012633713,0.03476837366406744,0.012361294940759535,0.0036551789122345325,0.0007695451185958973,14114,0,14114,0,1,"Scenario(name='base_hyperexp_2', K=20, N=12, R=40, resource='ResourceCustom', work='HyperExp(2)', replications=20)",hyperexp_2,base_hyperexp_2,1000045,service_dist_sensitivity,3.0262375,100000.0,20000.0
241913,256119,241912,0.055466404288631456,2.635652288671835,15.190170904322535,80000.0,0.07726218396902222,0.1882250143295175,0.00017714341170262741,0.000021891929974617596,0.0000160830821356285,0.0,0.0,0.0,0.0,0.0,0.0,0.0,0.24024748381714703,0.0,0.2154857546443156,0.146890710150618,0.08055985642976711,0.03501934598625471,0.011810106918657266,0.0034389746347237176,0.0008454506961639708,14206,0,14201,5,2,"Scenario(name='base_hyperexp_2', K=20, N=12, R=40, resource='ResourceCustom', work='HyperExp(2)', replications=20)",hyperexp_2,base_hyperexp_2,2000048,service_dist_sensitivity,3.0239,100000.0,20000.0
242244,256238,242244,0.05461328920768973,2.637484167852688,15.21027024902736,80000.0,0.07795073133334317,0.1894163217500295,0.00012236289875540933,0.00003458243182194565,2.008487352395605e-6,0.0,0.0,0.0,0.0,0.0,0.0,0.0,0.23772846565638792,0.0,0.2141044004753762,0.14768638147362673,0.0813584381142929,0.03509019683764204,0.012264864137041422,0.003434588312156211,0.0008066580921741206,13994,0,13994,0,3,"Scenario(name='base_hyperexp_2', K=20, N=12, R=40, resource='ResourceCustom', work='HyperExp(2)', replications=20)",hyperexp_2,base_hyperexp_2,3000051,service_dist_sensitivity,3.02805,100000.0,20000.0
242033,256019,242034,0.054628758021865564,2.6401229971571403,15.226459437222323,80000.0,0.07724381303890604,0.18917386105557088,0.00021601446651529842,0.000025704932899088817,9.09335006326728e-7,0.0,0.0,0.0,0.0,0.0,0.0,0.0,0.23945355069452312,0.0,0.21283063392156182,0.14839830508186042,0.08056228846978511,0.03522963564341676,0.01246828716798932,0.0035371304397668153,0.0008598657521989935,13986,0,13986,0,4,"Scenario(name='base_hyperexp_2', K=20, N=12, R=40, resource='ResourceCustom', work='HyperExp(2)', replications=20)",hyperexp_2,base_hyperexp_2,4000054,service_dist_sensitivity,3.025425,100000.0,20000.0
242591,256702,242590,0.05497035473038776,2.6469130252773936,15.238609452311557,80000.0,0.07628635133379748,0.1882436833836849,0.0002253952584817398,0.00004157095365617352,6.841205749515211e-6,0.0,0.0,0.0,0.0,0.0,0.0,0.0,0.23959724101248794,0.0,0.21373577789988643,0.14817806591128024,0.08157261731437379,0.03520376146851954,0.01243861559782863,0.0036247375301459214,0.0008453411301076812,14111,0,14111,0,5,"Scenario(name='base_hyperexp_2', K=20, N=12, R=40, resource='ResourceCustom', work='HyperExp(2)', replications=20)",hyperexp_2,base_hyperexp_2,5000057,service_dist_sensitivity,3.032375,100000.0,20000.0
242987,257267,242986,0.05550653601122569,2.671118007661004,15.332863197552506,80000.0,0.07477628210861863,0.1855853221499763,0.0000965410604243516,0.000015963973415091458,1.1844287079838977e-6,0.0,0.0,0.0,0.0,0.0,0.0,0.0,0.23679175401703245,0.0,0.214428285934008,0.1508573202451881,0.08302888563919286,0.036978745325917044,0.013090724081788721,0.003713076807681,0.0006359142280494325,14280,0,14280,0,6,"Scenario(name='base_hyperexp_2', K=20, N=12, R=40, resource='ResourceCustom', work='HyperExp(2)', replications=20)",hyperexp_2,base_hyperexp_2,6000060,service_dist_sensitivity,3.037325,100000.0,20000.0
241504,255409,241504,0.05444209092083677,2.630950941668212,15.141423368017865,80000.0,0.07977434588880082,0.1892017086787509,0.0001511452419226316,0.000021720727646425077,0.0,0.0,0.0,0.0,0.0,0.0,0.0,0.0,0.23845692706467353,0.0,0.21203738068555095,0.14840217906167127,0.08029991427909372,0.03496619368940092,0.01232170009098486,0.0034855553588648944,0.0008812292326390888,13905,0,13905,0,7,"Scenario(name='base_hyperexp_2', K=20, N=12, R=40, resource='ResourceCustom', work='HyperExp(2)', replications=20)",hyperexp_2,base_hyperexp_2,7000063,service_dist_sensitivity,3.0188,100000.0,20000.0
242565,256892,242566,0.05577051835012379,2.6404065834007775,15.209316190330291,80000.0,0.07874228873670314,0.1866793359919051,0.00017548715272318986,0.00003018096232408425,4.5287585709047566e-6,0.0,0.0,0.0,0.0,0.0,0.0,0.0,0.23848550794945808,0.0,0.21274586586457603,0.15053097993997194,0.08200625015289875,0.03487932803307599,0.011572235548559684,0.003391459045272768,0.0007565518639603397,14327,0,14325,2,8,"Scenario(name='base_hyperexp_2', K=20, N=12, R=40, resource='ResourceCustom', work='HyperExp(2)', replications=20)",hyperexp_2,base_hyperexp_2,8000066,service_dist_sensitivity,3.032075,100000.0,20000.0
241925,255704,241926,0.0538865250445828,2.6369297750398615,15.144430020424835,80000.0,0.0783031066953541,0.18760735245393403,0.00017463581679517118,0.000010358287388180543,0.0,0.0,0.0,0.0,0.0,0.0,0.0,0.0,0.23995702928149418,0.0,0.21460819129356076,0.14691622276036292,0.08044991843080315,0.035210633648617706,0.012424812031886858,0.003468132195572298,0.0008696071042306357,13779,0,13779,0,9,"Scenario(name='base_hyperexp_2', K=20, N=12, R=40, resource='ResourceCustom', work='HyperExp(2)', replications=20)",hyperexp_2,base_hyperexp_2,9000069,service_dist_sensitivity,3.024075,100000.0,20000.0
241704,255741,241700,0.054887562025643134,2.635787305762046,15.148520631893843,80000.0,0.07828520835021091,0.18746833652069622,0.00015905063732870984,0.000012772879031626872,0.0,0.0,0.0,0.0,0.0,0.0,0.0,0.0,0.24084891042421505,0.0,0.21355507976103977,0.14711611173199732,0.08122060534299945,0.03486281787578973,0.012189547863106146,0.00338034239456847,0.0009012162190166237,14037,0,14037,0,10,"Scenario(name='base_hyperexp_2', K=20, N=12, R=40, resource='ResourceCustom', work='HyperExp(2)', replications=20)",hyperexp_2,base_hyperexp_2,10000072,service_dist_sensitivity,3.02125,100000.0,20000.0
242973,257006,242975,0.054601838089383126,2.6469483635642503,15.220856646056374,80000.0,0.07893734441256725,0.18594593801476067,0.00014841440782352038,0.000028385212478360698,3.713969239652215e-6,0.0,0.0,0.0,0.0,0.0,0.0,0.0,0.23878895806326558,0.0,0.21241004819975692,0.14829152279540636,0.08311214271555455,0.03582902855532329,0.012217013261154807,0.0034540666761279683,0.0008334237165410741,14033,0,14032,1,11,"Scenario(name='base_hyperexp_2', K=20, N=12, R=40, resource='ResourceCustom', work='HyperExp(2)', replications=20)",hyperexp_2,base_hyperexp_2,11000075,service_dist_sensitivity,3.0371875,100000.0,20000.0
242617,256830,242616,0.055340108242806524,2.6606745720867977,15.242356722646521,80000.0,0.07590591762805002,0.18692822056544578,0.0002248067261412416,9.940805960786746e-6,3.3583210636606962e-6,0.0,0.0,0.0,0.0,0.0,0.0,0.0,0.2392841068483994,0.0,0.2132057498102262,0.14764920307660767,0.08244453146178089,0.03621128231816647,0.013060331791336057,0.003999269470952322,0.001073281175869488,14213,0,14213,0,12,"Scenario(name='base_hyperexp_2', K=20, N=12, R=40, resource='ResourceCustom', work='HyperExp(2)', replications=20)",hyperexp_2,base_hyperexp_2,12000078,service_dist_sensitivity,3.0327,100000.0,20000.0
241406,255304,241404,0.05443706326575377,2.63258220403487,15.084312100903635,80000.0,0.07953237470081881,0.18806471049763013,0.00022760880002238083,0.000049916970731010224,4.679098167889606e-6,0.0,0.0,0.0,0.0,0.0,0.0,0.0,0.2388025688194542,0.0,0.21286492922529682,0.14886190123901982,0.08056447594626329,0.034841871464534505,0.012132004739807417,0.0032856287713759684,0.0007673297268777332,13898,0,13897,1,13,"Scenario(name='base_hyperexp_2', K=20, N=12, R=40, resource='ResourceCustom', work='HyperExp(2)', replications=20)",hyperexp_2,base_hyperexp_2,13000081,service_dist_sensitivity,3.01755,100000.0,20000.0
241828,255782,241832,0.054554268869584255,2.6309229344746536,15.135107762912442,80000.0,0.08011740027106866,0.18909235578875522,0.00015378360100557983,0.00002515367251257885,2.4831155946230864e-6,0.0,0.0,0.0,0.0,0.0,0.0,0.0,0.23880142732392318,0.0,0.21185430266895108,0.14701197917843678,0.08086892414217878,0.03533822654231039,0.01227449675742946,0.0036580841846430303,0.0008013827531905917,13954,0,13953,1,14,"Scenario(name='base_hyperexp_2', K=20, N=12, R=40, resource='ResourceCustom', work='HyperExp(2)', replications=20)",hyperexp_2,base_hyperexp_2,14000084,service_dist_sensitivity,3.0229,100000.0,20000.0
241509,255268,241510,0.05390021467634016,2.6343025140785326,15.076658664435087,80000.0,0.0776483011359258,0.18992485339490167,0.00014333876678324485,0.000016882666303581572,7.579566956337657e-7,0.0,0.0,0.0,0.0,0.0,0.0,0.0,0.24110467241377204,0.0,0.21240346084682946,0.14586560973194168,0.08001407846750849,0.03578228636897538,0.012534419116737763,0.0036897946608739404,0.0008715444727512931,13759,0,13759,0,15,"Scenario(name='base_hyperexp_2', K=20, N=12, R=40, resource='ResourceCustom', work='HyperExp(2)', replications=20)",hyperexp_2,base_hyperexp_2,15000087,service_dist_sensitivity,3.018875,100000.0,20000.0
241897,256276,241901,0.05610747787541557,2.656605613525937,15.271250985680261,80000.0,0.07757086725084664,0.18495474451369945,0.00023534939555197525,0.000039669368598652,1.3270345087221358e-6,0.0,0.0,0.0,0.0,0.0,0.0,0.0,0.2369549785086837,0.0,0.21517569321349564,0.15007148715572008,0.08265292545060038,0.03578792502690462,0.012205312667189218,0.0034547475052692333,0.0008949729089316861,14379,0,14379,0,16,"Scenario(name='base_hyperexp_2', K=20, N=12, R=40, resource='ResourceCustom', work='HyperExp(2)', replications=20)",hyperexp_2,base_hyperexp_2,16000090,service_dist_sensitivity,3.0237625,100000.0,20000.0
241621,255274,241619,0.053483707702312026,2.6262788328678695,15.049349064295361,80000.0,0.07942982892317173,0.18942038518125381,0.00015663213372254178,0.000026809165988697715,2.736476898417095e-6,0.0,0.0,0.0,0.0,0.0,0.0,0.0,0.23928661650994654,0.0,0.2136033352435513,0.14713625594050722,0.07991560226773363,0.03477436263093723,0.011956147023125323,0.0035026875264820775,0.0007886009766814823,13653,0,13652,1,17,"Scenario(name='base_hyperexp_2', K=20, N=12, R=40, resource='ResourceCustom', work='HyperExp(2)', replications=20)",hyperexp_2,base_hyperexp_2,17000093,service_dist_sensitivity,3.0202375,100000.0,20000.0
241681,255486,241684,0.05403427193662275,2.637747073026004,15.124632699199909,80000.0,0.07868220348638438,0.19101082122486654,0.0001815543474432161,0.00002285154064506969,3.2111690767123944e-6,0.0,0.0,0.0,0.0,0.0,0.0,0.0,0.2368972941350571,0.0,0.2116079058340845,0.14724769940580695,0.08153393339236409,0.03572699381785542,0.012582043545261467,0.0036156236410804466,0.0008878644600740699,13805,0,13804,1,18,"Scenario(name='base_hyperexp_2', K=20, N=12, R=40, resource='ResourceCustom', work='HyperExp(2)', replications=20)",hyperexp_2,base_hyperexp_2,18000096,service_dist_sensitivity,3.02105,100000.0,20000.0
242835,257066,242837,0.055359324064637096,2.6459807583629527,15.209545612252066,80000.0,0.07715412766735248,0.18947300901192138,0.0001621266039848251,0.000024474294074479984,6.130559183202422e-6,0.0,0.0,0.0,0.0,0.0,0.0,0.0,0.2382239752142674,0.0,0.2117070010380141,0.1480132676645716,0.08285835973736602,0.03539186969372095,0.012497196648006683,0.0035978750277319703,0.0008905868398048824,14231,0,14230,1,19,"Scenario(name='base_hyperexp_2', K=20, N=12, R=40, resource='ResourceCustom', work='HyperExp(2)', replications=20)",hyperexp_2,base_hyperexp_2,19000099,service_dist_sensitivity,3.0354625,100000.0,20000.0
240612,254989,240610,0.05638282435712913,2.6422465643829725,15.27085976455622,80000.0,0.07679707296662014,0.187169753820514,0.00010678367258306025,0.000012441781444795196,2.470127639753628e-7,0.0,0.0,0.0,0.0,0.0,0.0,0.0,0.2392360914989802,0.0,0.2148130827089818,0.14980137499358698,0.08122148762952179,0.034967968616262536,0.01189528645205678,0.003235715641423303,0.0007426932052606389,14377,0,14377,0,0,"Scenario(name='base_hyperexp_heavy', K=20, N=12, R=40, resource='ResourceCustom', work='HyperExpHeavy', replications=20)",hyperexp_heavy,base_hyperexp_heavy,42,service_dist_sensitivity,3.007625,100000.0,20000.0
242413,256796,242415,0.05600943939936759,2.632874177141791,15.233189867103683,80000.0,0.07900812448737306,0.1872203222211994,0.00011731669096129736,0.00001369778440389382,2.0611455465768814e-7,0.0,0.0,0.0,0.0,0.0,0.0,0.0,0.2400357590810497,0.0,0.21298682595128313,0.14794962861556687,0.08202974616405032,0.03546615508203877,0.011509883506851065,0.0029788260367883596,0.0006835082638795029,14383,0,14383,0,1,"Scenario(name='base_hyperexp_heavy', K=20, N=12, R=40, resource='ResourceCustom', work='HyperExpHeavy', replications=20)",hyperexp_heavy,base_hyperexp_heavy,1000045,service_dist_sensitivity,3.0301875,100000.0,20000.0
241817,255609,241820,0.05395741151524398,2.642349707089981,15.145409807537257,80000.0,0.07728672977366195,0.18700220175414625,0.0001228510130588802,0.000012496478086904972,0.0,0.0,0.0,0.0,0.0,0.0,0.0,0.0,0.23963077877884856,0.0,0.21435212493301384,0.14818381979473771,0.08231524047498273,0.03511051357221636,0.01190731159980005,0.0033455290432329093,0.0007304027842138566,13792,0,13792,0,2,"Scenario(name='base_hyperexp_heavy', K=20, N=12, R=40, resource='ResourceCustom', work='HyperExpHeavy', replications=20)",hyperexp_heavy,base_hyperexp_heavy,2000048,service_dist_sensitivity,3.02275,100000.0,20000.0
242222,256521,242224,0.055742025019394126,2.6459741248987454,15.281949888219554,80000.0,0.07855995637881492,0.18619711321132004,0.00010742626024398305,9.667461248864128e-6,7.911315081537395e-6,0.0,0.0,0.0,0.0,0.0,0.0,0.0,0.23783629753814547,0.0,0.21452325335917316,0.1490736216785891,0.08066081431032676,0.03615215438373175,0.012911659287748853,0.003275106846343215,0.0006850179692323309,14299,0,14298,1,3,"Scenario(name='base_hyperexp_heavy', K=20, N=12, R=40, resource='ResourceCustom', work='HyperExpHeavy', replications=20)",hyperexp_heavy,base_hyperexp_heavy,3000051,service_dist_sensitivity,3.0278,100000.0,20000.0
241209,255471,241207,0.055826297309675074,2.639755672244126,15.306548918248392,80000.0,0.07784774495759593,0.18923642094040494,0.00015112396138679287,0.00001369261688350889,0.0,0.0,0.0,0.0,0.0,0.0,0.0,0.0,0.23919068994637832,0.0,0.21274888280321608,0.14692957374713472,0.08120247791740212,0.0355845757301794,0.012581292088978444,0.0036995465917027104,0.0008139786987370371,14262,0,14262,0,4,"Scenario(name='base_hyperexp_heavy', K=20, N=12, R=40, resource='ResourceCustom', work='HyperExpHeavy', replications=20)",hyperexp_heavy,base_hyperexp_heavy,4000054,service_dist_sensitivity,3.0150875,100000.0,20000.0
242407,256485,242405,0.05488820008967386,2.6345468650310337,15.140596725146274,80000.0,0.07909396064810599,0.18858803954863765,0.00022336104840042025,0.00005294196201566592,2.6033152428681204e-6,0.0,0.0,0.0,0.0,0.0,0.0,0.0,0.2374381219906914,0.0,0.2144391889045275,0.1481440179645257,0.08096413592063299,0.03486728113362315,0.011928191586390722,0.003503380224255443,0.0007547757529504906,14078,0,14077,1,5,"Scenario(name='base_hyperexp_heavy', K=20, N=12, R=40, resource='ResourceCustom', work='HyperExpHeavy', replications=20)",hyperexp_heavy,base_hyperexp_heavy,5000057,service_dist_sensitivity,3.0300625,100000.0,20000.0
241535,255536,241535,0.05479071441988605,2.6446848251126673,15.24181537705296,80000.0,0.07698749521431492,0.18802026708919176,0.00023585895111000356,0.00002455447244669813,0.00001130309946865964,0.0,0.0,0.0,0.0,0.0,0.0,0.0,0.24124295441255023,0.0,0.2117733425142244,0.1478712000930029,0.08124869734486133,0.03523117010824371,0.012756223499379849,0.003686975298224934,0.0009099579029806591,14001,0,14000,1,6,"Scenario(name='base_hyperexp_heavy', K=20, N=12, R=40, resource='ResourceCustom', work='HyperExpHeavy', replications=20)",hyperexp_heavy,base_hyperexp_heavy,6000060,service_dist_sensitivity,3.0191875,100000.0,20000.0
242453,256331,242457,0.054140934962997066,2.6302828260185187,15.103759613323556,80000.0,0.07807374784605249,0.18970885508831853,0.00017646308245421096,0.00003663239925303969,3.728806797425932e-6,0.0,0.0,0.0,0.0,0.0,0.0,0.0,0.23949260376654025,0.0,0.21352687936494735,0.14794694505114445,0.08030364037073923,0.0346862938673501,0.011842955343494487,0.003339935378629025,0.0008613196342794254,13878,0,13877,1,7,"Scenario(name='base_hyperexp_heavy', K=20, N=12, R=40, resource='ResourceCustom', work='HyperExpHeavy', replications=20)",hyperexp_heavy,base_hyperexp_heavy,7000063,service_dist_sensitivity,3.0307125,100000.0,20000.0
242024,255957,242024,0.054434924616244135,2.6251858216491506,15.204066649696463,80000.0,0.07855638762936892,0.18889940708125932,0.00016433814545821406,0.00003227246370906869,0.00004058943261325112,0.0,0.0,0.0,0.0,0.0,0.0,0.0,0.24045942509077245,0.0,0.21527318933753936,0.14765194150215744,0.07866584796343026,0.033970313123723554,0.011888033826907394,0.0034968663570337866,0.0009013880460269775,13933,0,13920,13,8,"Scenario(name='base_hyperexp_heavy', K=20, N=12, R=40, resource='ResourceCustom', work='HyperExpHeavy', replications=20)",hyperexp_heavy,base_hyperexp_heavy,8000066,service_dist_sensitivity,3.0253,100000.0,20000.0
241694,256386,241694,0.05730422097930464,2.67821667249789,15.416132345497143,80000.0,0.07641481795324462,0.1824409130429316,0.00015038699645401722,0.00003547703888916658,2.1603018668429287e-6,0.0,0.0,0.0,0.0,0.0,0.0,0.0,0.2364604535565426,0.0,0.2138139365381605,0.15202399659937446,0.08417061996548282,0.036498234200063914,0.013345018047294934,0.003656487880941586,0.000987497878752947,14692,0,14692,0,9,"Scenario(name='base_hyperexp_heavy', K=20, N=12, R=40, resource='ResourceCustom', work='HyperExpHeavy', replications=20)",hyperexp_heavy,base_hyperexp_heavy,9000069,service_dist_sensitivity,3.021175,100000.0,20000.0
241313,255493,241311,0.05550054208921575,2.6324175879685474,15.23556920015401,80000.0,0.07717831501355273,0.1881456624920651,0.00011737183001155245,8.355001604513745e-6,0.0,0.0,0.0,0.0,0.0,0.0,0.0,0.0,0.24119547293604338,0.0,0.21397660447397046,0.14874571185580185,0.08096017843550485,0.03362398684989621,0.011996164463818695,0.003284858911696574,0.0007673177360341015,14180,0,14180,0,10,"Scenario(name='base_hyperexp_heavy', K=20, N=12, R=40, resource='ResourceCustom', work='HyperExpHeavy', replications=20)",hyperexp_heavy,base_hyperexp_heavy,10000072,service_dist_sensitivity,3.0163875,100000.0,20000.0
242252,256589,242250,0.05587534929400715,2.6390118771902857,15.197418047412194,80000.0,0.07890435424042516,0.18825337464973418,0.00015839824956519807,0.000040898804001290044,0.0,0.0,0.0,0.0,0.0,0.0,0.0,0.0,0.23889682907607065,0.0,0.21194598242709098,0.14719314294937158,0.0823493238047588,0.03614291270749359,0.012035244966193294,0.0032461971897817877,0.0008333409355134791,14337,0,14337,0,11,"Scenario(name='base_hyperexp_heavy', K=20, N=12, R=40, resource='ResourceCustom', work='HyperExpHeavy', replications=20)",hyperexp_heavy,base_hyperexp_heavy,11000075,service_dist_sensitivity,3.028125,100000.0,20000.0
242738,256068,242738,0.052056484996172894,2.6342587332298533,15.038099896900835,80000.0,0.07911656040408803,0.18608300813824766,0.00021425341914778074,0.00005547331588309135,0.000020755013797588618,0.0,0.0,0.0,0.0,0.0,0.0,0.0,0.23943896138270052,0.0,0.21474414112950088,0.14947343637934946,0.08126230741609852,0.034177328041060266,0.011379964168281685,0.0031697226428848355,0.0008640885489596713,13330,0,13321,9,12,"Scenario(name='base_hyperexp_heavy', K=20, N=12, R=40, resource='ResourceCustom', work='HyperExpHeavy', replications=20)",hyperexp_heavy,base_hyperexp_heavy,12000078,service_dist_sensitivity,3.034225,100000.0,20000.0
240903,254690,240902,0.05413247477325376,2.634327616265652,15.107852998361052,80000.0,0.07828592400829802,0.18879251822196197,0.00013581004955626669,0.00001048181474602643,1.0509026130421261e-6,0.0,0.0,0.0,0.0,0.0,0.0,0.0,0.23870501869408572,0.0,0.21477870886655465,0.14784410927920089,0.07965671137809795,0.03508478930730907,0.012357526367216496,0.0034946516481729304,0.0008526994621869562,13787,0,13786,1,13,"Scenario(name='base_hyperexp_heavy', K=20, N=12, R=40, resource='ResourceCustom', work='HyperExpHeavy', replications=20)",hyperexp_heavy,base_hyperexp_heavy,13000081,service_dist_sensitivity,3.011275,100000.0,20000.0
241702,255636,241704,0.05450718991065421,2.6350871237061195,15.183409593600016,80000.0,0.07943796756578522,0.18787336342161912,0.00008781744374341543,0.000013781701552352387,0.0,0.0,0.0,0.0,0.0,0.0,0.0,0.0,0.23739015180530337,0.0,0.21393466421162521,0.14840330806876645,0.08184133992331658,0.035068721195176206,0.011876335275210977,0.003419859595784192,0.0006526897921169166,13934,0,13934,0,14,"Scenario(name='base_hyperexp_heavy', K=20, N=12, R=40, resource='ResourceCustom', work='HyperExpHeavy', replications=20)",hyperexp_heavy,base_hyperexp_heavy,14000084,service_dist_sensitivity,3.0213,100000.0,20000.0
242086,255845,242090,0.05377865504504681,2.6324590997226323,15.12338410728868,80000.0,0.07819332112480602,0.18895569124487188,0.00028619717364854294,0.00006828869704113458,1.262453038179956e-7,0.0,0.0,0.0,0.0,0.0,0.0,0.0,0.24034503435898905,0.0,0.2137076202409717,0.14761520698679023,0.07939517051586391,0.034713161107893395,0.012276564202308054,0.0035683428143239325,0.0008752752871883331,13759,0,13759,0,15,"Scenario(name='base_hyperexp_heavy', K=20, N=12, R=40, resource='ResourceCustom', work='HyperExpHeavy', replications=20)",hyperexp_heavy,base_hyperexp_heavy,15000087,service_dist_sensitivity,3.026125,100000.0,20000.0
241769,255879,241767,0.05514325130237339,2.636763827278935,15.272693455483445,80000.0,0.07870583751534013,0.18898443766835593,0.00018340523127931193,0.000021047999201891797,0.0,0.0,0.0,0.0,0.0,0.0,0.0,0.0,0.23969111156000386,0.0,0.2105664889772379,0.14776734054885024,0.08234847628274487,0.03531623211905189,0.012212180152495694,0.003393255645007457,0.0008101863004308143,14110,0,14110,0,16,"Scenario(name='base_hyperexp_heavy', K=20, N=12, R=40, resource='ResourceCustom', work='HyperExpHeavy', replications=20)",hyperexp_heavy,base_hyperexp_heavy,16000090,service_dist_sensitivity,3.0220875,100000.0,20000.0
241560,255511,241558,0.05460038902434729,2.6312912874377665,15.149006827047657,80000.0,0.07835556936503203,0.19093571419274757,0.00016890179721744972,0.000051838320865635976,7.388169150999601e-7,0.0,0.0,0.0,0.0,0.0,0.0,0.0,0.23683387563970418,0.0,0.21394685794507853,0.1481275077835568,0.08009896601810865,0.03558607836007172,0.011867413409356459,0.003252927587110935,0.0007736107642348997,13951,0,13951,0,17,"Scenario(name='base_hyperexp_heavy', K=20, N=12, R=40, resource='ResourceCustom', work='HyperExpHeavy', replications=20)",hyperexp_heavy,base_hyperexp_heavy,17000093,service_dist_sensitivity,3.019475,100000.0,20000.0
240851,255324,240854,0.05668483965471323,2.6457218566211136,15.232118403669599,80000.0,0.07763848014480827,0.18878108327475562,0.0001995489299370547,0.00003270860802849711,0.0,0.0,0.0,0.0,0.0,0.0,0.0,0.0,0.23733282544551343,0.0,0.212925150901466,0.14925052030338834,0.08121036237150633,0.03567799285820643,0.01243053806221933,0.0036783327941459446,0.0008424563060247692,14473,0,14473,0,18,"Scenario(name='base_hyperexp_heavy', K=20, N=12, R=40, resource='ResourceCustom', work='HyperExpHeavy', replications=20)",hyperexp_heavy,base_hyperexp_heavy,18000096,service_dist_sensitivity,3.010675,100000.0,20000.0
241729,255892,241727,0.05534756850546324,2.63760515945002,15.171442519746162,80000.0,0.0802066410354153,0.18948083442397837,0.0002730574437708583,0.0000789698376402157,0.000016251105487663154,0.0,0.0,0.0,0.0,0.0,0.0,0.0,0.237547518218999,0.0,0.21101933522586752,0.14797002071853185,0.08053979497660949,0.03486128642616568,0.01277803521843116,0.004070294172275862,0.0011579611968270457,14163,0,14155,8,19,"Scenario(name='base_hyperexp_heavy', K=20, N=12, R=40, resource='ResourceCustom', work='HyperExpHeavy', replications=20)",hyperexp_heavy,base_hyperexp_heavy,19000099,service_dist_sensitivity,3.0215875,100000.0,20000.0
